Id,division,user type,country,WS_01,WS_02,WS_03,WS_04,WS_05,WS_06,WS_07,WS_08,WS_09,WS_10,WS_11,WSx_11,WSx_12,WSx_13,WSx_14,WSx_15,WSx_16,WSx_17,WSx_18,WSx_19,WSx_20,WS_RM,WS_RM_Language,WS_RM_eng,WS_RM2,WS_RM2_Language,WS_RM2_eng,BA_01,BA_02,BA_03,BA_04,BA_05,BA_06,BAx_11,BAx_12,BAx_13,BAx_14,BAx_15,BAx_16,BAx_17,BAx_18,BAx_19,BAx_20,BA_RM,BA_RM_Language,BA_RM_eng,BA_RM2,BA_RM2_Language,BA_RM2_eng,TR_01,TR_02,TR_03,TR_04,TR_05,TR_06,TR_07,TR_08,TR_09,TR_10,TRx_11,TRx_12,TRx_13,TRx_14,TRx_15,TRx_16,TRx_17,TRx_18,TRx_19,TRx_20,general_OS,general_RM
4577,Strategy & PMI,engineer,Malaysia,4,4,2,4,1,4,3,3,,,,4,3,,,,,,,,,,,,,,,3,3,3,3,3,3,,,,,,,,,,,,,,,,,2,3,3,3,3,3,3,,,,,,,,,,,,,,6,
4578,Operations & Manufacturing,sales,Netherlands,4,4,4,4,4,4,3,3,,,,4,3,,,,,,,,,,,,,,,4,4,3,4,3,3,,,,,,,,,,,,,,,,,4,3,3,3,3,3,3,,,,,,,,,,,,,,8,
4579,Sales & Export,kiosk worker,Germany,3,4,3,3,4,4,3,2,,,,3,3,,,,,,,,,,,,,,,3,3,3,3,3,3,,,,,,,,,,,,,,,,,2,3,2,3,2,3,2,,,,,,,,,,,,,,8,
4580,Sales & Export,field service engineer,Germany,4,3,4,4,3,4,3,3,,,,4,3,,,,,,,,,,,,,,,3,3,3,3,3,3,,,,,,,,,,,,,,,,,3,3,3,3,3,3,3,,,,,,,,,,,,,,7,
4581,Sales & Export,engineer,United Kingdom,3,3,2,3,2,3,2,3,,,,3,2,,,,,,,,,,,,,,,3,3,3,3,3,3,,,,,,,,,,,,,,,,,3,3,3,3,3,3,3,,,,,,,,,,,,,,6,
4582,Information Technology,sales,Netherlands,4,3,4,4,4,4,3,3,,,,4,3,,,,,,,,,,,,,,,4,4,4,4,4,4,,,,,,,,,,,,,,,,,3,4,4,3,3,3,4,,,,,,,,,,,,,,8,
4583,Operations & Manufacturing,kiosk worker,Thailand,3,3,4,4,3,3,3,3,,,,3,3,,,,,,,,,,,,,,,3,3,3,3,3,3,,,,,,,,,,,,,,,,,3,3,3,3,3,3,3,,,,,,,,,,,,,,8,
4584,Supply Chain,field service engineer,France,3,3,3,2,3,2,2,3,,,,2,1,,,,,,,,,,,,,,,3,2,2,3,2,2,,,,,,,,,,,,,,,,,2,3,2,2,2,2,2,,,,,,,,,,,,,,5,
4585,Human Resources,engineer,Romania,1,1,2,4,3,4,1,2,,,,3,1,,,,,,,,,,,,,,,2,3,3,1,3,3,,,,,,,,,,,,,,,,,3,3,3,3,2,2,2,,,,,,,,,,,,,,6,
4586,Sales & Export,sales,Germany,1,2,3,3,4,4,3,3,,,,4,3,,,,,,,,,,,,,,,3,3,3,3,3,3,,,,,,,,,,,,,,,,,3,3,3,3,3,3,3,,,,,,,,,,,,,,4,
4587,Professional Operations,kiosk worker,Norway,4,4,4,3,4,3,4,3,,,,4,4,,,,,,,,,,,,,,,1,1,1,1,1,1,,,,,,,,,,,,,,,,,2,3,3,3,2,3,3,,,,,,,,,,,,,,7,
4588,General Management,field service engineer,Ireland,2,1,1,2,2,4,3,3,,,,2,1,,,,,,,,,,,,,,,3,3,3,3,2,2,,,,,,,,,,,,,,,,,1,2,2,2,2,2,2,,,,,,,,,,,,,,3,
4589,Operations & Manufacturing,engineer,Germany,3,3,3,3,4,4,4,3,,,,4,4,,,,,,,,,,,,,,,2,3,2,3,2,2,,,,,,,,,,,,,,,,,2,2,2,2,2,2,3,,,,,,,,,,,,,,6,
4590,Marketing,sales,Spain,4,4,3,3,3,3,3,3,,,,3,3,,,,,,,,,,,,,,,4,4,4,4,4,4,,,,,,,,,,,,,,,,,3,3,3,3,3,3,3,,,,,,,,,,,,,,9,
4591,Supply Chain,kiosk worker,Netherlands,4,4,3,2,3,4,4,4,,,,4,3,,,,,,,,,,,,,,,4,4,4,4,3,3,,,,,,,,,,,,,,,,,2,2,2,3,3,2,3,,,,,,,,,,,,,,7,
4592,Sales & Export,field service engineer,Brazil,4,4,4,4,4,4,4,4,,,,4,4,,,,,,,,,,,,,,,4,4,4,4,4,4,,,,,,,,,,,,,,,,,3,4,4,4,4,4,4,,,,,,,,,,,,,,10,
4594,Professional Operations,engineer,Belgium,4,4,4,4,4,4,4,4,,,,4,4,,,,,,,,,,,,,,,4,3,3,4,4,4,,,,,,,,,,,,,,,,,4,4,4,4,4,4,3,,,,,,,,,,,,,,10,
4595,Sales & Export,sales,Brazil,2,4,4,4,4,4,3,4,,,,4,4,,,,,,,,,,,,,,,4,4,4,4,4,4,,,,,,,,,,,,,,,,,4,4,4,4,4,4,4,,,,,,,,,,,,,,10,
4596,Sales & Export,kiosk worker,Russia,4,4,4,4,4,4,4,4,,,,4,4,,,,,,,,,,,,,,,4,4,4,4,4,4,,,,,,,,,,,,,,,,,4,4,4,4,4,4,4,,,,,,,,,,,,,,10,
4597,Finance,field service engineer,New Zealand,4,4,4,4,2,4,4,4,,,,4,4,,,,,,,,,,,,,,,4,4,4,4,3,4,,,,,,,,,,,,,,,,,3,4,3,4,4,3,3,,,,,,,,,,,,,,5,
4598,Strategy & PMI,engineer,Malaysia,3,2,3,1,1,3,2,3,,,,3,2,,,,,,,,,,,,,,,3,4,4,1,3,3,,,,,,,,,,,,,,,,,2,4,2,2,1,2,4,,,,,,,,,,,,,,5,
4599,Operations & Manufacturing,sales,Netherlands,4,2,4,3,4,3,4,1,,,,2,2,,,,,,,,,,,,,,,3,4,4,2,3,2,,,,,,,,,,,,,,,,,1,2,2,3,1,2,2,,,,,,,,,,,,,,7,
4600,Sales & Export,kiosk worker,Germany,4,4,4,3,3,2,2,1,,,,4,2,,,,,,,,,,,,,,,4,3,1,1,2,2,,,,,,,,,,,,,,,,,3,1,1,2,2,3,4,,,,,,,,,,,,,,5,
4601,Sales & Export,field service engineer,Germany,3,4,3,3,2,2,2,3,,,,4,3,,,,,,,,,,,,,,,1,2,4,2,4,4,,,,,,,,,,,,,,,,,3,3,1,3,1,2,1,,,,,,,,,,,,,,10,
4602,Sales & Export,engineer,United Kingdom,1,4,1,3,3,4,4,1,,,,3,4,,,,,,,,,,,,,,,1,2,2,4,2,2,,,,,,,,,,,,,,,,,3,1,2,4,1,1,2,,,,,,,,,,,,,,4,
4603,Information Technology,sales,Netherlands,3,2,4,1,1,1,4,3,,,,1,2,,,,,,,,,,,,,,,1,1,1,3,3,2,,,,,,,,,,,,,,,,,2,3,4,3,3,4,1,,,,,,,,,,,,,,8,
4604,Operations & Manufacturing,kiosk worker,Thailand,2,1,1,1,4,3,3,1,,,,1,3,,,,,,,,,,,,,,,1,1,1,4,3,3,,,,,,,,,,,,,,,,,2,4,1,4,1,1,3,,,,,,,,,,,,,,10,
4605,Supply Chain,field service engineer,France,2,2,1,2,3,2,2,2,,,,3,1,,,,,,,,,,,,,,,2,2,4,2,2,3,,,,,,,,,,,,,,,,,1,1,3,4,2,3,2,,,,,,,,,,,,,,4,
4606,Human Resources,engineer,Romania,2,4,2,4,1,2,1,1,,,,3,4,,,,,,,,,,,,,,,4,3,3,1,1,4,,,,,,,,,,,,,,,,,4,2,4,2,2,4,3,,,,,,,,,,,,,,4,
4607,Sales & Export,sales,Germany,1,4,4,2,1,3,3,2,,,,4,2,,,,,,,,,,,,,,,4,3,2,4,3,1,,,,,,,,,,,,,,,,,3,4,3,2,1,4,1,,,,,,,,,,,,,,7,
4608,Professional Operations,kiosk worker,Norway,2,1,4,3,2,4,4,4,,,,1,4,,,,,,,,,,,,,,,2,4,2,4,2,2,,,,,,,,,,,,,,,,,4,2,4,3,1,2,3,,,,,,,,,,,,,,5,
4609,General Management,field service engineer,Ireland,3,4,3,4,4,3,4,4,,,,3,3,,,,,,,,,,,,,,,2,2,4,3,1,2,,,,,,,,,,,,,,,,,1,2,3,2,3,4,4,,,,,,,,,,,,,,5,
4610,Operations & Manufacturing,engineer,Germany,1,2,4,2,4,1,1,3,,,,4,2,,,,,,,,,,,,,,,2,2,1,1,4,1,,,,,,,,,,,,,,,,,2,1,4,2,1,2,3,,,,,,,,,,,,,,5,
4611,Marketing,sales,Spain,2,3,4,3,4,2,2,3,,,,2,1,,,,,,,,,,,,,,,1,1,4,1,3,2,,,,,,,,,,,,,,,,,3,2,4,1,1,4,4,,,,,,,,,,,,,,5,
4612,Supply Chain,kiosk worker,Netherlands,3,3,4,1,2,1,3,1,,,,1,3,,,,,,,,,,,,,,,4,3,1,3,1,2,,,,,,,,,,,,,,,,,2,4,1,2,4,4,3,,,,,,,,,,,,,,7,
4613,Sales & Export,field service engineer,Brazil,3,1,2,3,3,4,3,1,,,,4,2,,,,,,,,,,,,,,,2,4,4,1,1,3,,,,,,,,,,,,,,,,,4,3,2,2,1,1,1,,,,,,,,,,,,,,5,
4614,Professional Operations,engineer,Belgium,2,3,4,2,2,1,4,1,,,,1,1,,,,,,,,,,,,,,,2,2,1,4,4,2,,,,,,,,,,,,,,,,,2,3,2,1,4,4,4,,,,,,,,,,,,,,10,
4615,Sales & Export,sales,Brazil,1,1,1,1,4,2,4,1,,,,1,3,,,,,,,,,,,,,,,1,4,1,2,4,2,,,,,,,,,,,,,,,,,1,2,1,3,1,1,2,,,,,,,,,,,,,,4,
4616,Sales & Export,kiosk worker,Russia,2,1,2,3,1,3,4,3,,,,2,2,,,,,,,,,,,,,,,2,4,4,3,4,1,,,,,,,,,,,,,,,,,1,2,1,2,2,3,4,,,,,,,,,,,,,,6,
4617,Finance,field service engineer,New Zealand,3,4,2,4,2,2,4,1,,,,1,1,,,,,,,,,,,,,,,1,1,1,2,4,4,,,,,,,,,,,,,,,,,4,4,4,2,3,4,2,,,,,,,,,,,,,,7,
4618,Strategy & PMI,engineer,Malaysia,1,3,1,1,2,3,4,1,,,,4,4,,,,,,,,,,,,,,,2,2,3,2,4,3,,,,,,,,,,,,,,,,,1,4,2,2,4,1,4,,,,,,,,,,,,,,8,
4619,Operations & Manufacturing,sales,Netherlands,1,1,1,1,2,3,4,2,,,,2,3,,,,,,,,,,,,,,,2,2,1,1,1,3,,,,,,,,,,,,,,,,,1,2,2,3,4,2,4,,,,,,,,,,,,,,4,
4620,Sales & Export,kiosk worker,Germany,1,1,3,4,2,3,2,4,,,,1,3,,,,,,,,,,,,,,,3,4,4,1,3,4,,,,,,,,,,,,,,,,,3,1,3,4,4,4,4,,,,,,,,,,,,,,7,
4621,Sales & Export,field service engineer,Germany,1,1,1,3,3,2,4,4,,,,4,2,,,,,,,,,,,,,,,2,4,4,3,1,1,,,,,,,,,,,,,,,,,4,2,2,4,4,3,3,,,,,,,,,,,,,,5,
4622,Sales & Export,engineer,United Kingdom,2,4,3,1,1,2,2,3,,,,3,1,,,,,,,,,,,,,,,1,4,1,3,4,4,,,,,,,,,,,,,,,,,3,1,4,1,3,4,4,,,,,,,,,,,,,,6,
4623,Information Technology,sales,Netherlands,2,2,2,4,2,1,1,4,,,,1,2,,,,,,,,,,,,,,,1,4,3,2,4,4,,,,,,,,,,,,,,,,,1,1,3,1,3,4,4,,,,,,,,,,,,,,4,
4624,Operations & Manufacturing,kiosk worker,Thailand,2,2,2,1,2,2,3,3,,,,3,2,,,,,,,,,,,,,,,3,3,4,1,3,1,,,,,,,,,,,,,,,,,1,1,1,3,1,1,3,,,,,,,,,,,,,,6,
4625,Supply Chain,field service engineer,France,4,1,4,1,2,1,2,3,,,,1,2,,,,,,,,,,,,,,,2,1,1,4,1,4,,,,,,,,,,,,,,,,,3,3,2,3,2,2,4,,,,,,,,,,,,,,9,
4626,Human Resources,engineer,Romania,3,1,3,1,1,2,1,1,,,,2,2,,,,,,,,,,,,,,,2,4,1,1,4,2,,,,,,,,,,,,,,,,,3,1,3,2,3,2,4,,,,,,,,,,,,,,7,
4627,Sales & Export,sales,Germany,3,4,3,1,3,1,1,3,,,,4,2,,,,,,,,,,,,,,,1,1,1,2,1,4,,,,,,,,,,,,,,,,,2,4,2,4,1,1,3,,,,,,,,,,,,,,5,
4628,Professional Operations,kiosk worker,Norway,4,4,4,3,2,4,3,4,,,,1,3,,,,,,,,,,,,,,,2,4,3,2,2,2,,,,,,,,,,,,,,,,,1,3,3,3,1,2,3,,,,,,,,,,,,,,10,
4629,General Management,field service engineer,Ireland,4,2,1,1,2,3,4,2,,,,1,4,,,,,,,,,,,,,,,3,4,1,3,2,1,,,,,,,,,,,,,,,,,4,2,3,4,3,4,2,,,,,,,,,,,,,,9,
4630,Operations & Manufacturing,engineer,Germany,2,1,2,3,1,4,2,3,,,,2,3,,,,,,,,,,,,,,,1,2,2,2,4,3,,,,,,,,,,,,,,,,,1,3,3,1,2,3,2,,,,,,,,,,,,,,5,
4631,Marketing,sales,Spain,1,1,2,4,4,4,1,2,,,,3,2,,,,,,,,,,,,,,,1,3,2,3,3,1,,,,,,,,,,,,,,,,,3,1,4,4,3,4,3,,,,,,,,,,,,,,4,
4632,Supply Chain,kiosk worker,Netherlands,2,2,3,2,3,2,4,2,,,,2,2,,,,,,,,,,,,,,,4,2,3,4,2,1,,,,,,,,,,,,,,,,,4,4,2,1,1,1,3,,,,,,,,,,,,,,10,
4633,Sales & Export,field service engineer,Brazil,2,2,4,1,2,3,1,2,,,,4,4,,,,,,,,,,,,,,,4,3,4,1,1,3,,,,,,,,,,,,,,,,,1,2,4,2,4,3,4,,,,,,,,,,,,,,5,
4634,Professional Operations,engineer,Belgium,4,2,2,3,4,1,2,2,,,,1,4,,,,,,,,,,,,,,,4,2,1,4,4,3,,,,,,,,,,,,,,,,,4,2,4,1,3,2,4,,,,,,,,,,,,,,5,
4635,Sales & Export,sales,Brazil,1,2,1,4,1,4,1,4,,,,4,3,,,,,,,,,,,,,,,1,2,2,4,3,2,,,,,,,,,,,,,,,,,3,2,3,2,3,1,2,,,,,,,,,,,,,,8,
4636,Sales & Export,kiosk worker,Russia,4,3,3,4,4,1,4,1,,,,1,1,,,,,,,,,,,,,,,2,2,2,4,4,1,,,,,,,,,,,,,,,,,2,3,3,4,4,1,2,,,,,,,,,,,,,,7,
4637,Finance,field service engineer,New Zealand,4,3,2,1,2,3,4,3,,,,4,2,,,,,,,,,,,,,,,1,3,3,2,4,1,,,,,,,,,,,,,,,,,2,1,3,1,2,4,2,,,,,,,,,,,,,,10,
4638,Strategy & PMI,engineer,Malaysia,2,2,2,3,4,4,4,1,,,,3,4,,,,,,,,,,,,,,,1,3,3,3,3,2,,,,,,,,,,,,,,,,,2,3,4,1,4,1,3,,,,,,,,,,,,,,6,
4639,Operations & Manufacturing,sales,Netherlands,3,1,2,4,2,1,4,4,,,,4,4,,,,,,,,,,,,,,,4,1,3,1,4,3,,,,,,,,,,,,,,,,,4,1,2,2,2,2,3,,,,,,,,,,,,,,7,
4640,Sales & Export,kiosk worker,Germany,2,1,3,1,1,1,1,2,,,,1,4,,,,,,,,,,,,,,,2,1,1,1,4,2,,,,,,,,,,,,,,,,,2,2,1,4,1,2,4,,,,,,,,,,,,,,6,
4641,Sales & Export,field service engineer,Germany,3,2,2,1,4,2,3,4,,,,3,3,,,,,,,,,,,,,,,3,1,4,2,1,1,,,,,,,,,,,,,,,,,3,3,1,1,2,4,4,,,,,,,,,,,,,,6,
4642,Sales & Export,engineer,United Kingdom,4,4,3,3,1,4,4,1,,,,4,2,,,,,,,,,,,,,,,1,4,1,3,3,4,,,,,,,,,,,,,,,,,3,1,4,3,3,4,1,,,,,,,,,,,,,,5,
4643,Information Technology,sales,Netherlands,4,3,1,3,3,4,4,3,,,,2,3,,,,,,,,,,,,,,,1,4,3,3,3,3,,,,,,,,,,,,,,,,,2,1,2,1,1,1,4,,,,,,,,,,,,,,4,
4644,Operations & Manufacturing,kiosk worker,Thailand,4,3,4,4,2,1,1,4,,,,3,3,,,,,,,,,,,,,,,3,1,4,4,1,4,,,,,,,,,,,,,,,,,3,2,3,2,4,4,4,,,,,,,,,,,,,,5,
4645,Supply Chain,field service engineer,France,3,3,1,2,1,1,3,3,,,,2,4,,,,,,,,,,,,,,,1,4,4,2,4,1,,,,,,,,,,,,,,,,,4,2,3,3,4,2,4,,,,,,,,,,,,,,9,
4646,Human Resources,engineer,Romania,2,1,4,3,4,2,4,2,,,,2,4,,,,,,,,,,,,,,,3,4,3,1,3,2,,,,,,,,,,,,,,,,,3,3,2,4,1,1,1,,,,,,,,,,,,,,10,
4647,Sales & Export,sales,Germany,2,2,4,3,2,4,1,4,,,,1,4,,,,,,,,,,,,,,,2,1,4,3,1,4,,,,,,,,,,,,,,,,,1,1,4,1,3,3,3,,,,,,,,,,,,,,8,
4648,Professional Operations,kiosk worker,Norway,4,4,1,2,2,4,4,4,,,,4,2,,,,,,,,,,,,,,,4,1,4,3,2,1,,,,,,,,,,,,,,,,,1,3,2,2,1,1,4,,,,,,,,,,,,,,6,
4649,General Management,field service engineer,Ireland,4,3,3,3,1,4,1,2,,,,1,4,,,,,,,,,,,,,,,3,2,4,2,2,3,,,,,,,,,,,,,,,,,3,2,1,1,2,2,4,,,,,,,,,,,,,,8,
4650,Operations & Manufacturing,engineer,Germany,2,4,2,3,1,2,4,4,,,,3,2,,,,,,,,,,,,,,,1,2,4,4,1,1,,,,,,,,,,,,,,,,,1,1,4,1,1,1,2,,,,,,,,,,,,,,6,
4651,Marketing,sales,Spain,4,2,2,4,1,4,3,4,,,,1,4,,,,,,,,,,,,,,,1,4,1,2,1,3,,,,,,,,,,,,,,,,,1,2,4,1,4,1,4,,,,,,,,,,,,,,8,
4652,Supply Chain,kiosk worker,Netherlands,4,4,3,2,1,3,1,2,,,,3,1,,,,,,,,,,,,,,,3,3,1,3,2,3,,,,,,,,,,,,,,,,,1,2,2,1,2,4,4,,,,,,,,,,,,,,10,
4653,Sales & Export,field service engineer,Brazil,1,3,1,2,4,1,4,4,,,,1,1,,,,,,,,,,,,,,,3,2,3,1,3,3,,,,,,,,,,,,,,,,,1,4,3,3,3,1,1,,,,,,,,,,,,,,8,
4654,Professional Operations,engineer,Belgium,1,1,2,3,4,3,2,3,,,,4,2,,,,,,,,,,,,,,,2,4,3,1,2,3,,,,,,,,,,,,,,,,,4,1,2,3,4,4,4,,,,,,,,,,,,,,9,
4655,Sales & Export,sales,Brazil,1,4,1,4,1,3,2,4,,,,2,2,,,,,,,,,,,,,,,2,2,4,3,4,2,,,,,,,,,,,,,,,,,1,2,2,3,2,3,1,,,,,,,,,,,,,,5,
4656,Sales & Export,kiosk worker,Russia,4,1,3,2,2,4,2,3,,,,4,1,,,,,,,,,,,,,,,1,2,1,2,2,3,,,,,,,,,,,,,,,,,4,1,3,3,2,4,2,,,,,,,,,,,,,,10,
4657,Finance,field service engineer,New Zealand,2,2,2,3,1,1,3,4,,,,3,1,,,,,,,,,,,,,,,2,3,1,2,3,2,,,,,,,,,,,,,,,,,3,2,2,4,4,3,3,,,,,,,,,,,,,,6,
4658,Strategy & PMI,engineer,Malaysia,4,4,3,3,2,2,2,4,,,,3,3,,,,,,,,,,,,,,,3,4,1,3,4,3,,,,,,,,,,,,,,,,,3,3,1,3,2,3,2,,,,,,,,,,,,,,6,
4659,Operations & Manufacturing,sales,Netherlands,4,3,3,3,1,1,3,3,,,,3,3,,,,,,,,,,,,,,,2,2,4,4,2,2,,,,,,,,,,,,,,,,,2,3,2,4,2,2,4,,,,,,,,,,,,,,9,
4660,Sales & Export,kiosk worker,Germany,2,4,3,3,3,2,3,4,,,,2,1,,,,,,,,,,,,,,,2,2,4,1,3,4,,,,,,,,,,,,,,,,,1,2,2,3,2,4,4,,,,,,,,,,,,,,8,
4661,Sales & Export,field service engineer,Germany,3,1,3,3,3,3,2,2,,,,1,4,,,,,,,,,,,,,,,1,2,4,2,3,1,,,,,,,,,,,,,,,,,2,3,4,4,3,1,2,,,,,,,,,,,,,,8,
4662,Sales & Export,engineer,United Kingdom,4,3,1,4,2,4,2,2,,,,4,1,,,,,,,,,,,,,,,3,4,2,3,4,1,,,,,,,,,,,,,,,,,3,1,2,1,4,4,2,,,,,,,,,,,,,,8,
4663,Information Technology,sales,Netherlands,1,1,4,3,2,1,4,2,,,,3,2,,,,,,,,,,,,,,,3,2,4,4,3,3,,,,,,,,,,,,,,,,,4,2,1,2,3,2,3,,,,,,,,,,,,,,5,
4664,Operations & Manufacturing,kiosk worker,Thailand,1,1,2,4,1,2,1,3,,,,1,1,,,,,,,,,,,,,,,4,4,2,4,3,3,,,,,,,,,,,,,,,,,3,3,3,4,3,2,3,,,,,,,,,,,,,,10,
4665,Supply Chain,field service engineer,France,1,1,2,2,1,3,2,2,,,,2,3,,,,,,,,,,,,,,,1,2,3,2,3,4,,,,,,,,,,,,,,,,,1,1,4,3,2,4,3,,,,,,,,,,,,,,7,
4666,Human Resources,engineer,Romania,2,1,3,2,1,1,3,4,,,,1,3,,,,,,,,,,,,,,,3,3,2,2,3,1,,,,,,,,,,,,,,,,,1,2,4,1,1,3,1,,,,,,,,,,,,,,6,
4667,Sales & Export,sales,Germany,2,2,1,4,2,3,3,3,,,,2,3,,,,,,,,,,,,,,,4,1,4,1,4,4,,,,,,,,,,,,,,,,,4,4,3,4,1,2,1,,,,,,,,,,,,,,10,
4668,Professional Operations,kiosk worker,Norway,4,4,1,2,4,3,1,4,,,,1,1,,,,,,,,,,,,,,,1,2,2,1,3,4,,,,,,,,,,,,,,,,,1,1,2,3,1,3,3,,,,,,,,,,,,,,4,
4669,General Management,field service engineer,Ireland,1,4,1,4,3,4,3,1,,,,2,1,,,,,,,,,,,,,,,3,1,4,2,3,4,,,,,,,,,,,,,,,,,1,4,4,1,2,1,2,,,,,,,,,,,,,,6,
4670,Operations & Manufacturing,engineer,Germany,2,1,4,2,4,2,3,4,,,,3,4,,,,,,,,,,,,,,,4,2,3,1,4,2,,,,,,,,,,,,,,,,,4,1,4,1,1,4,4,,,,,,,,,,,,,,7,
4671,Marketing,sales,Spain,2,4,3,2,1,1,1,3,,,,2,3,,,,,,,,,,,,,,,4,1,4,1,2,3,,,,,,,,,,,,,,,,,3,1,4,4,4,4,2,,,,,,,,,,,,,,7,
4672,Supply Chain,kiosk worker,Netherlands,4,1,3,4,3,4,2,3,,,,3,4,,,,,,,,,,,,,,,2,1,4,3,4,1,,,,,,,,,,,,,,,,,2,4,3,1,4,3,3,,,,,,,,,,,,,,9,
4673,Sales & Export,field service engineer,Brazil,1,4,3,4,3,4,1,3,,,,1,1,,,,,,,,,,,,,,,4,1,4,1,1,1,,,,,,,,,,,,,,,,,1,2,3,3,2,4,2,,,,,,,,,,,,,,7,
4674,Professional Operations,engineer,Belgium,3,3,3,4,2,1,2,2,,,,1,3,,,,,,,,,,,,,,,4,2,3,4,1,2,,,,,,,,,,,,,,,,,2,4,3,3,4,1,4,,,,,,,,,,,,,,7,
4675,Sales & Export,sales,Brazil,1,1,1,4,2,2,3,4,,,,4,4,,,,,,,,,,,,,,,3,2,1,3,2,4,,,,,,,,,,,,,,,,,2,1,2,2,3,3,1,,,,,,,,,,,,,,4,
4676,Sales & Export,kiosk worker,Russia,4,3,3,4,2,4,2,4,,,,4,4,,,,,,,,,,,,,,,1,1,2,1,1,4,,,,,,,,,,,,,,,,,2,3,4,3,4,4,4,,,,,,,,,,,,,,6,
4677,Finance,field service engineer,New Zealand,2,4,4,4,3,3,1,3,,,,1,1,,,,,,,,,,,,,,,3,2,2,4,3,3,,,,,,,,,,,,,,,,,1,1,1,2,2,1,4,,,,,,,,,,,,,,5,
4678,Strategy & PMI,engineer,Malaysia,2,3,1,2,1,3,4,4,,,,4,1,,,,,,,,,,,,,,,3,2,2,4,2,2,,,,,,,,,,,,,,,,,4,3,1,3,3,2,1,,,,,,,,,,,,,,8,
4679,Operations & Manufacturing,sales,Netherlands,2,4,3,4,2,4,2,3,,,,2,2,,,,,,,,,,,,,,,3,4,3,3,3,3,,,,,,,,,,,,,,,,,3,1,1,1,2,2,1,,,,,,,,,,,,,,10,
4680,Sales & Export,kiosk worker,Germany,2,2,1,4,2,3,4,1,,,,2,2,,,,,,,,,,,,,,,4,3,2,1,3,3,,,,,,,,,,,,,,,,,4,3,1,3,2,1,2,,,,,,,,,,,,,,8,
4681,Sales & Export,field service engineer,Germany,1,1,4,3,3,3,2,1,,,,2,1,,,,,,,,,,,,,,,2,2,1,1,1,3,,,,,,,,,,,,,,,,,2,3,2,4,4,3,2,,,,,,,,,,,,,,5,
4682,Sales & Export,engineer,United Kingdom,4,3,1,4,3,2,3,2,,,,1,3,,,,,,,,,,,,,,,3,2,1,3,4,3,,,,,,,,,,,,,,,,,1,3,3,2,4,1,4,,,,,,,,,,,,,,6,
4683,Information Technology,sales,Netherlands,1,2,3,1,2,2,2,1,,,,3,4,,,,,,,,,,,,,,,4,1,4,4,2,1,,,,,,,,,,,,,,,,,3,3,1,3,3,2,2,,,,,,,,,,,,,,4,
4684,Operations & Manufacturing,kiosk worker,Thailand,4,1,4,4,2,4,3,1,,,,2,1,,,,,,,,,,,,,,,4,4,3,1,4,1,,,,,,,,,,,,,,,,,2,3,1,3,3,4,1,,,,,,,,,,,,,,10,
4685,Supply Chain,field service engineer,France,3,2,1,2,4,3,3,3,,,,4,4,,,,,,,,,,,,,,,1,2,2,2,4,2,,,,,,,,,,,,,,,,,2,2,3,2,1,3,3,,,,,,,,,,,,,,6,
4686,Human Resources,engineer,Romania,1,2,4,1,3,2,4,3,,,,1,2,,,,,,,,,,,,,,,2,3,4,4,2,3,,,,,,,,,,,,,,,,,4,1,4,3,1,4,3,,,,,,,,,,,,,,8,
4687,Sales & Export,sales,Germany,4,3,3,4,1,2,4,3,,,,3,2,,,,,,,,,,,,,,,2,4,4,1,3,4,,,,,,,,,,,,,,,,,4,1,1,4,2,2,3,,,,,,,,,,,,,,4,
4688,Professional Operations,kiosk worker,Norway,3,3,4,2,3,4,4,3,,,,2,2,,,,,,,,,,,,,,,4,2,2,4,2,2,,,,,,,,,,,,,,,,,3,2,2,1,1,4,2,,,,,,,,,,,,,,9,
4689,General Management,field service engineer,Ireland,3,4,1,2,1,1,2,3,,,,1,1,,,,,,,,,,,,,,,4,2,2,2,4,4,,,,,,,,,,,,,,,,,3,4,4,3,2,4,1,,,,,,,,,,,,,,8,
4690,Operations & Manufacturing,engineer,Germany,3,4,3,1,4,4,4,1,,,,1,2,,,,,,,,,,,,,,,2,1,3,2,2,1,,,,,,,,,,,,,,,,,4,3,1,2,2,4,1,,,,,,,,,,,,,,7,
4691,Marketing,sales,Spain,2,1,3,4,4,2,1,4,,,,4,1,,,,,,,,,,,,,,,2,1,2,4,3,1,,,,,,,,,,,,,,,,,1,1,3,3,2,1,4,,,,,,,,,,,,,,9,
4692,Supply Chain,kiosk worker,Netherlands,3,2,2,1,2,4,2,3,,,,4,2,,,,,,,,,,,,,,,3,3,4,3,2,4,,,,,,,,,,,,,,,,,4,4,1,1,2,3,3,,,,,,,,,,,,,,7,
4693,Sales & Export,field service engineer,Brazil,1,2,3,2,1,3,2,1,,,,3,1,,,,,,,,,,,,,,,3,1,3,2,4,3,,,,,,,,,,,,,,,,,4,4,2,1,3,1,4,,,,,,,,,,,,,,7,
4694,Professional Operations,engineer,Belgium,2,2,2,4,4,1,2,3,,,,3,4,,,,,,,,,,,,,,,2,3,1,3,4,2,,,,,,,,,,,,,,,,,3,1,3,3,2,2,3,,,,,,,,,,,,,,10,
4695,Sales & Export,sales,Brazil,3,1,1,3,1,3,4,3,,,,4,4,,,,,,,,,,,,,,,3,2,1,3,3,3,,,,,,,,,,,,,,,,,1,3,2,4,3,4,1,,,,,,,,,,,,,,10,
4696,Sales & Export,kiosk worker,Russia,2,4,2,2,1,2,1,3,,,,2,1,,,,,,,,,,,,,,,2,1,4,3,4,3,,,,,,,,,,,,,,,,,3,4,2,2,2,1,1,,,,,,,,,,,,,,10,
4697,Finance,field service engineer,New Zealand,1,3,4,2,3,1,3,4,,,,2,2,,,,,,,,,,,,,,,2,4,2,2,4,3,,,,,,,,,,,,,,,,,4,4,3,3,1,4,1,,,,,,,,,,,,,,6,
4698,Strategy & PMI,engineer,Malaysia,1,4,4,2,3,3,2,1,,,,4,4,,,,,,,,,,,,,,,1,4,2,4,1,1,,,,,,,,,,,,,,,,,2,3,4,3,4,3,1,,,,,,,,,,,,,,10,
4699,Operations & Manufacturing,sales,Netherlands,2,1,3,1,2,1,2,4,,,,4,1,,,,,,,,,,,,,,,4,1,2,4,4,4,,,,,,,,,,,,,,,,,4,3,4,1,3,3,4,,,,,,,,,,,,,,6,
4700,Sales & Export,kiosk worker,Germany,3,2,4,3,1,1,1,2,,,,1,1,,,,,,,,,,,,,,,4,4,1,3,1,2,,,,,,,,,,,,,,,,,3,4,3,1,1,1,1,,,,,,,,,,,,,,6,
4701,Sales & Export,field service engineer,Germany,2,2,3,3,2,1,1,3,,,,4,4,,,,,,,,,,,,,,,1,2,1,2,2,2,,,,,,,,,,,,,,,,,1,4,2,4,2,1,3,,,,,,,,,,,,,,7,
4702,Sales & Export,engineer,United Kingdom,4,1,1,2,1,3,4,4,,,,2,2,,,,,,,,,,,,,,,2,4,4,1,1,3,,,,,,,,,,,,,,,,,2,2,1,2,3,3,4,,,,,,,,,,,,,,8,
4703,Information Technology,sales,Netherlands,4,2,4,1,4,2,3,4,,,,4,2,,,,,,,,,,,,,,,3,3,1,3,2,2,,,,,,,,,,,,,,,,,1,3,3,2,3,4,3,,,,,,,,,,,,,,10,
4704,Operations & Manufacturing,kiosk worker,Thailand,2,4,3,2,3,4,3,2,,,,3,4,,,,,,,,,,,,,,,1,3,4,4,1,3,,,,,,,,,,,,,,,,,2,3,2,4,1,3,3,,,,,,,,,,,,,,5,
4705,Supply Chain,field service engineer,France,4,1,3,4,1,4,2,2,,,,1,2,,,,,,,,,,,,,,,4,1,4,2,3,4,,,,,,,,,,,,,,,,,2,1,4,4,1,2,4,,,,,,,,,,,,,,7,
4706,Human Resources,engineer,Romania,4,3,2,4,2,3,1,3,,,,4,2,,,,,,,,,,,,,,,2,4,3,4,1,1,,,,,,,,,,,,,,,,,1,4,3,2,4,2,1,,,,,,,,,,,,,,7,
4707,Sales & Export,sales,Germany,1,2,2,3,1,4,4,3,,,,2,4,,,,,,,,,,,,,,,3,4,1,1,1,3,,,,,,,,,,,,,,,,,2,3,1,1,3,4,4,,,,,,,,,,,,,,4,
4708,Professional Operations,kiosk worker,Norway,4,2,3,1,3,4,1,3,,,,2,1,,,,,,,,,,,,,,,2,1,3,1,1,3,,,,,,,,,,,,,,,,,2,3,1,1,2,3,4,,,,,,,,,,,,,,8,
4709,General Management,field service engineer,Ireland,2,2,1,2,2,4,1,2,,,,4,1,,,,,,,,,,,,,,,4,1,1,1,2,1,,,,,,,,,,,,,,,,,1,3,3,1,1,4,1,,,,,,,,,,,,,,5,
4710,Operations & Manufacturing,engineer,Germany,3,2,4,3,2,4,3,3,,,,4,2,,,,,,,,,,,,,,,4,4,1,4,3,1,,,,,,,,,,,,,,,,,1,2,1,4,2,4,4,,,,,,,,,,,,,,5,
4711,Marketing,sales,Spain,3,1,4,2,3,2,2,3,,,,2,3,,,,,,,,,,,,,,,3,4,2,2,1,3,,,,,,,,,,,,,,,,,4,1,1,4,4,3,1,,,,,,,,,,,,,,7,
4712,Supply Chain,kiosk worker,Netherlands,1,2,3,4,3,3,4,3,,,,4,2,,,,,,,,,,,,,,,4,1,2,1,3,1,,,,,,,,,,,,,,,,,4,1,3,1,3,4,4,,,,,,,,,,,,,,6,
4713,Sales & Export,field service engineer,Brazil,2,4,2,3,4,2,3,1,,,,2,1,,,,,,,,,,,,,,,4,3,2,3,4,3,,,,,,,,,,,,,,,,,3,2,4,3,3,1,1,,,,,,,,,,,,,,5,
4714,Professional Operations,engineer,Belgium,1,4,3,2,1,2,1,1,,,,4,4,,,,,,,,,,,,,,,4,4,2,4,4,2,,,,,,,,,,,,,,,,,3,2,1,2,2,4,4,,,,,,,,,,,,,,9,
4715,Sales & Export,sales,Brazil,3,1,2,1,2,2,1,3,,,,4,1,,,,,,,,,,,,,,,3,3,2,1,1,2,,,,,,,,,,,,,,,,,2,1,3,3,3,3,1,,,,,,,,,,,,,,10,
4716,Sales & Export,kiosk worker,Russia,3,4,4,3,3,2,3,4,,,,2,1,,,,,,,,,,,,,,,1,1,3,3,2,3,,,,,,,,,,,,,,,,,1,1,1,2,1,2,2,,,,,,,,,,,,,,8,
4717,Finance,field service engineer,New Zealand,2,3,2,2,2,4,1,1,,,,2,4,,,,,,,,,,,,,,,1,1,4,2,4,3,,,,,,,,,,,,,,,,,2,1,3,1,4,2,2,,,,,,,,,,,,,,6,
4718,Strategy & PMI,engineer,Malaysia,3,3,4,2,3,4,1,1,,,,3,1,,,,,,,,,,,,,,,4,1,4,4,1,4,,,,,,,,,,,,,,,,,3,2,1,3,3,3,2,,,,,,,,,,,,,,6,
4719,Operations & Manufacturing,sales,Netherlands,3,3,4,4,4,1,2,4,,,,1,4,,,,,,,,,,,,,,,2,4,4,4,3,3,,,,,,,,,,,,,,,,,2,1,4,3,1,4,2,,,,,,,,,,,,,,6,
4720,Sales & Export,kiosk worker,Germany,2,2,2,2,2,2,2,2,,,,3,4,,,,,,,,,,,,,,,1,3,3,2,3,1,,,,,,,,,,,,,,,,,4,2,3,3,3,3,4,,,,,,,,,,,,,,6,
4721,Sales & Export,field service engineer,Germany,2,2,1,4,3,3,1,1,,,,1,1,,,,,,,,,,,,,,,2,1,4,3,2,2,,,,,,,,,,,,,,,,,1,1,2,2,1,2,4,,,,,,,,,,,,,,7,
4722,Sales & Export,engineer,United Kingdom,3,1,2,2,2,4,2,3,,,,1,4,,,,,,,,,,,,,,,3,4,1,4,3,4,,,,,,,,,,,,,,,,,2,4,4,4,2,2,1,,,,,,,,,,,,,,8,
4723,Information Technology,sales,Netherlands,2,1,1,3,3,3,1,4,,,,4,4,,,,,,,,,,,,,,,1,4,2,3,3,1,,,,,,,,,,,,,,,,,4,1,3,3,4,2,4,,,,,,,,,,,,,,6,
4724,Operations & Manufacturing,kiosk worker,Thailand,1,2,1,1,1,2,3,4,,,,4,3,,,,,,,,,,,,,,,1,3,4,2,4,3,,,,,,,,,,,,,,,,,1,2,1,3,4,4,2,,,,,,,,,,,,,,10,
4725,Supply Chain,field service engineer,France,2,2,1,4,2,4,4,3,,,,2,3,,,,,,,,,,,,,,,1,1,2,3,1,4,,,,,,,,,,,,,,,,,1,2,3,3,3,1,4,,,,,,,,,,,,,,4,
4726,Human Resources,engineer,Romania,1,3,2,4,4,2,3,1,,,,3,3,,,,,,,,,,,,,,,4,3,1,2,4,2,,,,,,,,,,,,,,,,,3,3,2,4,1,2,2,,,,,,,,,,,,,,10,
4727,Sales & Export,sales,Germany,2,4,3,2,4,1,4,3,,,,2,4,,,,,,,,,,,,,,,1,3,2,1,3,1,,,,,,,,,,,,,,,,,2,1,1,4,3,3,2,,,,,,,,,,,,,,10,
4728,Professional Operations,kiosk worker,Norway,4,4,2,3,2,2,2,2,,,,4,4,,,,,,,,,,,,,,,2,4,4,1,2,3,,,,,,,,,,,,,,,,,2,3,2,4,2,1,4,,,,,,,,,,,,,,5,
4729,General Management,field service engineer,Ireland,2,3,4,3,4,3,4,3,,,,1,2,,,,,,,,,,,,,,,2,2,3,1,4,4,,,,,,,,,,,,,,,,,3,4,1,3,2,2,3,,,,,,,,,,,,,,10,
4730,Operations & Manufacturing,engineer,Germany,2,1,4,1,1,4,4,4,,,,3,3,,,,,,,,,,,,,,,4,4,3,2,3,3,,,,,,,,,,,,,,,,,3,2,4,1,4,1,1,,,,,,,,,,,,,,8,
4731,Marketing,sales,Spain,2,4,3,2,1,1,1,2,,,,3,4,,,,,,,,,,,,,,,4,1,3,4,3,1,,,,,,,,,,,,,,,,,2,4,2,2,2,2,2,,,,,,,,,,,,,,6,
4732,Supply Chain,kiosk worker,Netherlands,3,2,3,2,4,4,4,2,,,,1,3,,,,,,,,,,,,,,,1,4,2,2,2,1,,,,,,,,,,,,,,,,,4,2,4,3,3,1,3,,,,,,,,,,,,,,6,
4733,Sales & Export,field service engineer,Brazil,4,3,1,3,1,4,1,3,,,,2,3,,,,,,,,,,,,,,,1,2,2,2,4,2,,,,,,,,,,,,,,,,,4,3,4,3,4,3,4,,,,,,,,,,,,,,5,
4734,Professional Operations,engineer,Belgium,2,4,1,1,3,2,2,4,,,,1,1,,,,,,,,,,,,,,,4,3,2,3,1,2,,,,,,,,,,,,,,,,,1,4,2,1,4,3,2,,,,,,,,,,,,,,7,
4735,Sales & Export,sales,Brazil,2,1,3,1,4,1,2,4,,,,1,3,,,,,,,,,,,,,,,1,1,2,1,1,2,,,,,,,,,,,,,,,,,2,2,4,1,4,3,3,,,,,,,,,,,,,,7,
4736,Sales & Export,kiosk worker,Russia,4,1,2,1,3,4,3,3,,,,3,2,,,,,,,,,,,,,,,2,4,3,3,3,3,,,,,,,,,,,,,,,,,2,2,4,1,4,3,1,,,,,,,,,,,,,,5,
4737,Finance,field service engineer,New Zealand,3,1,1,2,2,1,3,1,,,,3,1,,,,,,,,,,,,,,,1,2,1,1,4,4,,,,,,,,,,,,,,,,,3,1,4,2,2,4,4,,,,,,,,,,,,,,7,
4738,Strategy & PMI,engineer,Malaysia,2,1,3,4,4,3,1,3,,,,2,4,,,,,,,,,,,,,,,4,4,4,3,2,2,,,,,,,,,,,,,,,,,3,2,3,1,3,1,2,,,,,,,,,,,,,,4,
4739,Operations & Manufacturing,sales,Netherlands,1,1,2,3,4,2,3,4,,,,2,3,,,,,,,,,,,,,,,4,3,2,2,2,1,,,,,,,,,,,,,,,,,2,1,2,3,3,3,4,,,,,,,,,,,,,,10,
4740,Sales & Export,kiosk worker,Germany,3,1,4,1,2,2,2,2,,,,2,4,,,,,,,,,,,,,,,2,1,3,4,2,2,,,,,,,,,,,,,,,,,1,3,1,1,2,4,1,,,,,,,,,,,,,,6,
4741,Sales & Export,field service engineer,Germany,4,2,4,3,4,4,2,4,,,,3,2,,,,,,,,,,,,,,,1,3,2,4,1,3,,,,,,,,,,,,,,,,,4,3,4,4,2,1,1,,,,,,,,,,,,,,6,
4742,Sales & Export,engineer,United Kingdom,2,4,3,3,1,1,4,1,,,,1,4,,,,,,,,,,,,,,,4,3,1,4,1,1,,,,,,,,,,,,,,,,,2,3,4,3,2,4,3,,,,,,,,,,,,,,6,
4743,Information Technology,sales,Netherlands,3,4,2,2,2,2,3,2,,,,4,3,,,,,,,,,,,,,,,4,4,1,3,3,4,,,,,,,,,,,,,,,,,2,2,2,1,2,2,2,,,,,,,,,,,,,,9,
4744,Operations & Manufacturing,kiosk worker,Thailand,3,2,3,1,2,3,1,2,,,,3,4,,,,,,,,,,,,,,,4,1,4,4,2,2,,,,,,,,,,,,,,,,,2,2,4,4,1,1,3,,,,,,,,,,,,,,5,
4745,Supply Chain,field service engineer,France,2,3,4,3,4,3,4,2,,,,4,4,,,,,,,,,,,,,,,3,3,1,3,1,3,,,,,,,,,,,,,,,,,3,1,1,1,2,3,2,,,,,,,,,,,,,,6,
4746,Human Resources,engineer,Romania,3,1,2,4,1,4,4,3,,,,2,3,,,,,,,,,,,,,,,4,1,1,3,3,4,,,,,,,,,,,,,,,,,4,1,3,2,4,1,3,,,,,,,,,,,,,,4,
4747,Sales & Export,sales,Germany,2,3,3,1,2,3,4,3,,,,3,4,,,,,,,,,,,,,,,1,4,1,1,4,4,,,,,,,,,,,,,,,,,4,2,4,3,2,4,1,,,,,,,,,,,,,,6,
4748,Professional Operations,kiosk worker,Norway,2,3,4,2,1,3,2,1,,,,2,2,,,,,,,,,,,,,,,3,3,1,3,3,1,,,,,,,,,,,,,,,,,2,4,3,3,3,4,3,,,,,,,,,,,,,,8,
4749,General Management,field service engineer,Ireland,3,1,4,1,2,3,1,1,,,,3,1,,,,,,,,,,,,,,,2,3,3,3,1,1,,,,,,,,,,,,,,,,,2,1,2,2,2,2,1,,,,,,,,,,,,,,4,
4750,Operations & Manufacturing,engineer,Germany,4,1,1,4,2,4,2,1,,,,1,2,,,,,,,,,,,,,,,3,4,3,4,2,3,,,,,,,,,,,,,,,,,4,4,2,2,3,4,1,,,,,,,,,,,,,,9,
4751,Marketing,sales,Spain,3,3,1,4,1,4,4,1,,,,3,1,,,,,,,,,,,,,,,2,1,1,3,3,4,,,,,,,,,,,,,,,,,1,1,2,4,1,4,4,,,,,,,,,,,,,,5,
4752,Supply Chain,kiosk worker,Netherlands,4,1,4,1,3,2,3,1,,,,3,4,,,,,,,,,,,,,,,1,1,4,4,4,4,,,,,,,,,,,,,,,,,2,2,4,3,3,3,2,,,,,,,,,,,,,,5,
4753,Sales & Export,field service engineer,Brazil,3,2,3,2,2,4,3,2,,,,3,2,,,,,,,,,,,,,,,2,4,3,4,3,4,,,,,,,,,,,,,,,,,4,3,3,4,1,4,3,,,,,,,,,,,,,,7,
4754,Professional Operations,engineer,Belgium,2,2,4,3,1,4,3,1,,,,3,1,,,,,,,,,,,,,,,2,1,3,4,3,2,,,,,,,,,,,,,,,,,4,4,1,4,1,4,3,,,,,,,,,,,,,,8,
4755,Sales & Export,sales,Brazil,3,1,4,2,4,1,3,3,,,,2,2,,,,,,,,,,,,,,,2,2,2,2,1,1,,,,,,,,,,,,,,,,,3,1,4,1,1,2,1,,,,,,,,,,,,,,5,
4756,Sales & Export,kiosk worker,Russia,1,4,3,2,4,4,3,1,,,,4,1,,,,,,,,,,,,,,,4,4,2,3,2,1,,,,,,,,,,,,,,,,,2,2,2,3,4,2,1,,,,,,,,,,,,,,5,
4757,Finance,field service engineer,New Zealand,2,3,2,3,1,1,4,3,,,,4,4,,,,,,,,,,,,,,,3,1,4,4,4,3,,,,,,,,,,,,,,,,,1,1,3,1,1,4,3,,,,,,,,,,,,,,5,
4758,Strategy & PMI,engineer,Malaysia,2,3,3,3,2,2,3,4,,,,1,3,,,,,,,,,,,,,,,3,1,3,4,4,1,,,,,,,,,,,,,,,,,3,3,2,4,3,4,3,,,,,,,,,,,,,,7,
4759,Operations & Manufacturing,sales,Netherlands,2,3,4,4,4,4,2,3,,,,2,3,,,,,,,,,,,,,,,4,3,2,4,2,2,,,,,,,,,,,,,,,,,3,1,3,1,1,1,2,,,,,,,,,,,,,,9,
4760,Sales & Export,kiosk worker,Germany,3,1,2,1,2,1,3,1,,,,4,4,,,,,,,,,,,,,,,3,1,2,2,2,1,,,,,,,,,,,,,,,,,1,4,1,2,3,1,2,,,,,,,,,,,,,,4,
4761,Sales & Export,field service engineer,Germany,3,1,4,1,3,1,2,1,,,,1,2,,,,,,,,,,,,,,,3,4,1,2,3,1,,,,,,,,,,,,,,,,,3,3,3,4,3,2,1,,,,,,,,,,,,,,7,
4762,Sales & Export,engineer,United Kingdom,1,3,4,1,4,3,1,4,,,,2,3,,,,,,,,,,,,,,,1,3,3,2,4,4,,,,,,,,,,,,,,,,,1,1,2,1,3,2,4,,,,,,,,,,,,,,5,
4763,Information Technology,sales,Netherlands,3,3,4,1,1,4,2,2,,,,2,4,,,,,,,,,,,,,,,3,2,1,4,3,2,,,,,,,,,,,,,,,,,1,1,2,1,4,4,2,,,,,,,,,,,,,,8,
4764,Operations & Manufacturing,kiosk worker,Thailand,2,4,1,1,4,3,2,3,,,,4,1,,,,,,,,,,,,,,,4,2,3,2,1,4,,,,,,,,,,,,,,,,,4,3,4,3,2,2,1,,,,,,,,,,,,,,4,
4765,Supply Chain,field service engineer,France,2,2,2,4,3,3,4,2,,,,2,1,,,,,,,,,,,,,,,3,2,1,2,2,4,,,,,,,,,,,,,,,,,2,4,2,3,4,1,3,,,,,,,,,,,,,,8,
4766,Human Resources,engineer,Romania,4,4,4,1,3,3,3,3,,,,2,2,,,,,,,,,,,,,,,1,4,1,4,1,4,,,,,,,,,,,,,,,,,1,1,2,3,2,3,1,,,,,,,,,,,,,,9,
4767,Sales & Export,sales,Germany,2,4,3,4,3,1,1,1,,,,4,4,,,,,,,,,,,,,,,2,1,2,2,3,2,,,,,,,,,,,,,,,,,3,3,1,4,2,3,1,,,,,,,,,,,,,,8,
4768,Professional Operations,kiosk worker,Norway,1,3,2,3,1,2,3,1,,,,2,3,,,,,,,,,,,,,,,2,2,1,3,2,2,,,,,,,,,,,,,,,,,2,2,4,3,3,1,2,,,,,,,,,,,,,,8,
4769,General Management,field service engineer,Ireland,4,1,2,2,4,2,4,3,,,,3,4,,,,,,,,,,,,,,,1,1,1,1,3,2,,,,,,,,,,,,,,,,,2,4,2,2,3,2,3,,,,,,,,,,,,,,4,
4770,Operations & Manufacturing,engineer,Germany,2,3,2,4,1,2,2,1,,,,1,4,,,,,,,,,,,,,,,1,3,1,3,4,4,,,,,,,,,,,,,,,,,2,4,2,2,2,2,2,,,,,,,,,,,,,,4,
4771,Marketing,sales,Spain,4,2,2,2,4,3,1,3,,,,4,2,,,,,,,,,,,,,,,2,1,1,1,1,4,,,,,,,,,,,,,,,,,4,4,4,3,4,1,2,,,,,,,,,,,,,,4,
4772,Supply Chain,kiosk worker,Netherlands,2,3,2,3,4,4,2,2,,,,2,3,,,,,,,,,,,,,,,3,1,3,3,1,3,,,,,,,,,,,,,,,,,1,2,3,2,4,4,3,,,,,,,,,,,,,,5,
4773,Sales & Export,field service engineer,Brazil,4,2,3,3,2,4,1,2,,,,4,1,,,,,,,,,,,,,,,4,1,1,1,3,2,,,,,,,,,,,,,,,,,2,2,2,4,2,1,1,,,,,,,,,,,,,,7,
4774,Professional Operations,engineer,Belgium,4,3,3,3,3,3,4,1,,,,4,2,,,,,,,,,,,,,,,2,4,1,2,4,3,,,,,,,,,,,,,,,,,2,3,1,1,4,2,3,,,,,,,,,,,,,,10,
4775,Sales & Export,sales,Brazil,2,3,1,1,3,4,4,2,,,,2,1,,,,,,,,,,,,,,,3,3,4,2,4,1,,,,,,,,,,,,,,,,,4,4,4,3,4,1,2,,,,,,,,,,,,,,9,
4776,Sales & Export,kiosk worker,Russia,2,1,1,3,3,4,4,4,,,,2,4,,,,,,,,,,,,,,,1,3,3,3,2,3,,,,,,,,,,,,,,,,,1,3,1,1,3,4,4,,,,,,,,,,,,,,8,
4777,Finance,field service engineer,New Zealand,3,4,2,3,4,2,4,3,,,,2,3,,,,,,,,,,,,,,,4,3,2,2,2,4,,,,,,,,,,,,,,,,,4,2,3,4,4,2,4,,,,,,,,,,,,,,7,
4778,Strategy & PMI,engineer,Malaysia,1,4,1,3,1,4,4,1,,,,3,1,,,,,,,,,,,,,,,1,3,2,4,4,3,,,,,,,,,,,,,,,,,1,1,2,4,2,1,4,,,,,,,,,,,,,,7,
4779,Operations & Manufacturing,sales,Netherlands,2,2,1,1,2,3,3,4,,,,2,3,,,,,,,,,,,,,,,4,2,4,3,4,4,,,,,,,,,,,,,,,,,3,3,2,4,3,4,4,,,,,,,,,,,,,,5,
4780,Sales & Export,kiosk worker,Germany,2,1,4,1,1,1,1,2,,,,2,3,,,,,,,,,,,,,,,3,1,1,1,1,3,,,,,,,,,,,,,,,,,4,4,2,4,3,1,2,,,,,,,,,,,,,,10,
4781,Sales & Export,field service engineer,Germany,2,1,4,2,1,2,4,4,,,,3,4,,,,,,,,,,,,,,,3,3,4,1,2,4,,,,,,,,,,,,,,,,,3,1,3,3,3,1,4,,,,,,,,,,,,,,8,
4782,Sales & Export,engineer,United Kingdom,4,4,3,1,3,1,4,1,,,,2,3,,,,,,,,,,,,,,,1,4,3,1,4,3,,,,,,,,,,,,,,,,,3,1,2,3,1,4,3,,,,,,,,,,,,,,9,
4783,Information Technology,sales,Netherlands,3,1,1,2,1,1,4,1,,,,4,2,,,,,,,,,,,,,,,2,1,1,3,2,2,,,,,,,,,,,,,,,,,1,2,2,3,2,4,1,,,,,,,,,,,,,,5,
4784,Operations & Manufacturing,kiosk worker,Thailand,4,1,2,4,1,4,3,4,,,,1,3,,,,,,,,,,,,,,,3,4,3,2,2,2,,,,,,,,,,,,,,,,,3,2,1,4,2,2,1,,,,,,,,,,,,,,5,
4785,Supply Chain,field service engineer,France,1,2,1,2,3,1,3,3,,,,1,1,,,,,,,,,,,,,,,1,4,1,4,1,4,,,,,,,,,,,,,,,,,4,2,3,4,4,1,4,,,,,,,,,,,,,,7,
4786,Human Resources,engineer,Romania,4,2,1,4,3,3,3,1,,,,2,1,,,,,,,,,,,,,,,4,1,1,3,1,4,,,,,,,,,,,,,,,,,2,3,1,2,2,4,4,,,,,,,,,,,,,,9,
4787,Sales & Export,sales,Germany,4,3,2,1,3,4,2,1,,,,2,3,,,,,,,,,,,,,,,2,1,3,4,1,4,,,,,,,,,,,,,,,,,1,1,2,4,2,1,1,,,,,,,,,,,,,,6,
4788,Professional Operations,kiosk worker,Norway,3,3,4,1,4,4,1,3,,,,4,4,,,,,,,,,,,,,,,3,2,2,1,3,2,,,,,,,,,,,,,,,,,4,3,3,4,4,1,2,,,,,,,,,,,,,,9,
4789,General Management,field service engineer,Ireland,3,2,1,3,4,1,3,3,,,,4,4,,,,,,,,,,,,,,,3,4,3,1,1,1,,,,,,,,,,,,,,,,,2,4,1,3,4,4,1,,,,,,,,,,,,,,10,
4790,Operations & Manufacturing,engineer,Germany,3,2,4,2,3,3,1,2,,,,3,2,,,,,,,,,,,,,,,3,2,4,3,2,1,,,,,,,,,,,,,,,,,3,4,2,2,2,1,3,,,,,,,,,,,,,,7,
4791,Marketing,sales,Spain,1,2,1,4,4,2,2,1,,,,4,4,,,,,,,,,,,,,,,2,2,4,1,3,3,,,,,,,,,,,,,,,,,3,4,4,3,1,1,3,,,,,,,,,,,,,,10,
4792,Supply Chain,kiosk worker,Netherlands,3,4,4,3,3,1,3,4,,,,4,3,,,,,,,,,,,,,,,2,3,4,4,2,3,,,,,,,,,,,,,,,,,3,1,2,2,1,4,1,,,,,,,,,,,,,,7,
4793,Sales & Export,field service engineer,Brazil,3,2,3,4,1,4,2,3,,,,4,1,,,,,,,,,,,,,,,3,3,4,1,4,2,,,,,,,,,,,,,,,,,1,3,3,2,3,1,4,,,,,,,,,,,,,,5,
4794,Professional Operations,engineer,Belgium,4,3,2,1,2,2,3,1,,,,4,2,,,,,,,,,,,,,,,4,1,4,2,3,2,,,,,,,,,,,,,,,,,2,4,1,4,3,3,4,,,,,,,,,,,,,,8,
4795,Sales & Export,sales,Brazil,4,1,4,3,3,3,1,2,,,,3,3,,,,,,,,,,,,,,,1,4,1,2,4,3,,,,,,,,,,,,,,,,,3,3,4,3,2,2,4,,,,,,,,,,,,,,8,
4796,Sales & Export,kiosk worker,Russia,3,1,3,4,1,3,1,1,,,,3,3,,,,,,,,,,,,,,,2,3,1,4,4,3,,,,,,,,,,,,,,,,,2,1,3,4,4,2,4,,,,,,,,,,,,,,10,
4797,Finance,field service engineer,New Zealand,2,1,4,1,3,1,2,3,,,,2,3,,,,,,,,,,,,,,,2,3,4,1,1,3,,,,,,,,,,,,,,,,,1,2,1,1,1,4,2,,,,,,,,,,,,,,4,
4798,Strategy & PMI,engineer,Malaysia,2,1,3,3,3,4,4,4,,,,4,1,,,,,,,,,,,,,,,1,2,2,4,3,2,,,,,,,,,,,,,,,,,1,3,3,1,2,4,2,,,,,,,,,,,,,,9,
4799,Operations & Manufacturing,sales,Netherlands,4,3,3,3,4,2,4,3,,,,2,2,,,,,,,,,,,,,,,3,4,1,4,2,3,,,,,,,,,,,,,,,,,3,4,2,4,4,4,3,,,,,,,,,,,,,,5,
4800,Sales & Export,kiosk worker,Germany,1,2,4,2,2,3,3,3,,,,1,3,,,,,,,,,,,,,,,4,4,2,1,2,2,,,,,,,,,,,,,,,,,1,4,3,2,2,3,2,,,,,,,,,,,,,,7,
4801,Sales & Export,field service engineer,Germany,4,2,1,1,3,2,2,3,,,,3,2,,,,,,,,,,,,,,,4,4,1,3,2,2,,,,,,,,,,,,,,,,,2,3,1,4,3,3,4,,,,,,,,,,,,,,7,
4802,Sales & Export,engineer,United Kingdom,1,4,1,3,1,2,2,1,,,,1,3,,,,,,,,,,,,,,,4,4,2,1,4,3,,,,,,,,,,,,,,,,,1,1,3,4,4,1,1,,,,,,,,,,,,,,6,
4803,Information Technology,sales,Netherlands,4,2,1,1,2,3,2,2,,,,2,1,,,,,,,,,,,,,,,2,2,2,2,3,3,,,,,,,,,,,,,,,,,2,2,1,1,3,2,1,,,,,,,,,,,,,,4,
4804,Operations & Manufacturing,kiosk worker,Thailand,1,2,4,2,3,3,2,1,,,,2,3,,,,,,,,,,,,,,,3,2,1,4,1,3,,,,,,,,,,,,,,,,,1,4,2,3,1,1,2,,,,,,,,,,,,,,5,
4805,Supply Chain,field service engineer,France,4,1,3,2,3,3,3,3,,,,1,2,,,,,,,,,,,,,,,3,2,2,2,1,3,,,,,,,,,,,,,,,,,1,1,2,4,4,3,1,,,,,,,,,,,,,,10,
4806,Human Resources,engineer,Romania,1,3,3,3,2,3,1,2,,,,4,4,,,,,,,,,,,,,,,3,2,1,2,1,2,,,,,,,,,,,,,,,,,2,3,3,3,2,1,4,,,,,,,,,,,,,,10,
4807,Sales & Export,sales,Germany,1,4,2,1,4,4,1,4,,,,2,3,,,,,,,,,,,,,,,3,4,1,2,4,3,,,,,,,,,,,,,,,,,2,1,1,4,2,4,1,,,,,,,,,,,,,,4,
4808,Professional Operations,kiosk worker,Norway,1,4,1,2,3,4,1,3,,,,2,2,,,,,,,,,,,,,,,4,2,4,2,4,2,,,,,,,,,,,,,,,,,4,4,4,1,2,3,2,,,,,,,,,,,,,,9,
4809,General Management,field service engineer,Ireland,1,3,3,1,2,2,3,2,,,,2,4,,,,,,,,,,,,,,,3,2,4,3,4,3,,,,,,,,,,,,,,,,,4,4,1,3,1,1,4,,,,,,,,,,,,,,8,
4810,Operations & Manufacturing,engineer,Germany,4,1,1,1,4,4,3,1,,,,1,3,,,,,,,,,,,,,,,4,1,1,3,3,4,,,,,,,,,,,,,,,,,3,3,2,2,3,2,4,,,,,,,,,,,,,,8,
4811,Marketing,sales,Spain,3,2,1,3,3,2,4,2,,,,4,4,,,,,,,,,,,,,,,4,1,2,3,3,2,,,,,,,,,,,,,,,,,2,3,1,4,3,3,1,,,,,,,,,,,,,,7,
4812,Supply Chain,kiosk worker,Netherlands,4,2,4,4,3,4,2,2,,,,3,1,,,,,,,,,,,,,,,2,4,1,4,4,3,,,,,,,,,,,,,,,,,2,4,3,3,3,3,4,,,,,,,,,,,,,,9,
4813,Sales & Export,field service engineer,Brazil,2,2,3,2,3,2,4,2,,,,1,4,,,,,,,,,,,,,,,4,2,3,1,1,4,,,,,,,,,,,,,,,,,3,1,2,1,1,4,2,,,,,,,,,,,,,,5,
4814,Professional Operations,engineer,Belgium,2,4,4,2,2,2,1,4,,,,3,1,,,,,,,,,,,,,,,1,3,2,2,1,1,,,,,,,,,,,,,,,,,1,4,3,2,4,4,4,,,,,,,,,,,,,,4,
4815,Sales & Export,sales,Brazil,3,1,4,2,2,2,1,3,,,,2,4,,,,,,,,,,,,,,,4,4,2,3,2,1,,,,,,,,,,,,,,,,,1,3,1,1,3,2,4,,,,,,,,,,,,,,6,
4816,Sales & Export,kiosk worker,Russia,1,4,1,4,1,2,2,1,,,,2,2,,,,,,,,,,,,,,,2,2,3,4,3,4,,,,,,,,,,,,,,,,,3,4,2,3,4,4,2,,,,,,,,,,,,,,9,
4817,Finance,field service engineer,New Zealand,2,4,1,4,2,3,2,4,,,,2,3,,,,,,,,,,,,,,,4,1,1,3,2,2,,,,,,,,,,,,,,,,,2,2,3,3,4,4,3,,,,,,,,,,,,,,6,
4818,Strategy & PMI,engineer,Malaysia,4,3,2,3,1,4,2,2,,,,4,1,,,,,,,,,,,,,,,3,4,1,1,4,2,,,,,,,,,,,,,,,,,4,1,2,2,3,4,3,,,,,,,,,,,,,,7,
4819,Operations & Manufacturing,sales,Netherlands,4,3,4,2,4,1,4,1,,,,1,4,,,,,,,,,,,,,,,3,4,2,4,1,4,,,,,,,,,,,,,,,,,4,2,2,2,2,4,1,,,,,,,,,,,,,,10,
4820,Sales & Export,kiosk worker,Germany,4,4,2,2,2,2,1,1,,,,2,3,,,,,,,,,,,,,,,2,2,2,2,4,3,,,,,,,,,,,,,,,,,3,2,3,3,3,3,1,,,,,,,,,,,,,,10,
4821,Sales & Export,field service engineer,Germany,2,3,3,3,2,3,3,1,,,,3,2,,,,,,,,,,,,,,,4,1,1,3,4,1,,,,,,,,,,,,,,,,,3,4,4,1,2,3,4,,,,,,,,,,,,,,9,
4822,Sales & Export,engineer,United Kingdom,4,1,2,1,2,3,2,4,,,,4,4,,,,,,,,,,,,,,,3,1,1,1,4,3,,,,,,,,,,,,,,,,,3,3,4,3,1,2,2,,,,,,,,,,,,,,6,
4823,Information Technology,sales,Netherlands,2,3,1,4,2,4,4,3,,,,1,2,,,,,,,,,,,,,,,4,4,1,2,2,1,,,,,,,,,,,,,,,,,2,3,2,2,2,2,4,,,,,,,,,,,,,,10,
4824,Operations & Manufacturing,kiosk worker,Thailand,1,2,2,3,4,4,4,2,,,,3,3,,,,,,,,,,,,,,,3,3,3,4,1,3,,,,,,,,,,,,,,,,,3,2,1,1,2,4,4,,,,,,,,,,,,,,5,
4825,Supply Chain,field service engineer,France,1,1,1,4,1,1,3,3,,,,3,2,,,,,,,,,,,,,,,2,1,2,2,1,4,,,,,,,,,,,,,,,,,2,2,3,1,4,3,4,,,,,,,,,,,,,,4,
4826,Human Resources,engineer,Romania,4,4,3,4,2,2,4,2,,,,3,3,,,,,,,,,,,,,,,2,1,3,3,1,2,,,,,,,,,,,,,,,,,3,4,4,1,3,3,1,,,,,,,,,,,,,,7,
4827,Sales & Export,sales,Germany,1,2,3,1,4,2,3,2,,,,3,1,,,,,,,,,,,,,,,3,3,3,1,1,3,,,,,,,,,,,,,,,,,1,1,3,1,1,2,1,,,,,,,,,,,,,,8,
4828,Professional Operations,kiosk worker,Norway,1,3,1,4,4,1,1,1,,,,3,2,,,,,,,,,,,,,,,1,2,2,4,4,1,,,,,,,,,,,,,,,,,1,2,2,1,2,1,1,,,,,,,,,,,,,,5,
4829,General Management,field service engineer,Ireland,3,1,1,4,4,1,1,4,,,,1,3,,,,,,,,,,,,,,,1,1,1,3,2,4,,,,,,,,,,,,,,,,,4,3,1,1,1,1,1,,,,,,,,,,,,,,4,
4830,Operations & Manufacturing,engineer,Germany,4,3,2,4,4,2,2,1,,,,4,1,,,,,,,,,,,,,,,2,4,2,4,3,4,,,,,,,,,,,,,,,,,4,2,2,1,4,1,2,,,,,,,,,,,,,,9,
4831,Marketing,sales,Spain,3,4,3,4,4,4,4,1,,,,4,4,,,,,,,,,,,,,,,2,4,4,2,4,1,,,,,,,,,,,,,,,,,1,2,3,3,4,1,2,,,,,,,,,,,,,,8,
4832,Supply Chain,kiosk worker,Netherlands,2,3,2,4,4,3,2,3,,,,1,4,,,,,,,,,,,,,,,3,4,1,3,1,4,,,,,,,,,,,,,,,,,2,1,3,4,1,1,1,,,,,,,,,,,,,,8,
4833,Sales & Export,field service engineer,Brazil,3,4,3,2,1,4,2,1,,,,4,1,,,,,,,,,,,,,,,4,3,4,3,1,2,,,,,,,,,,,,,,,,,4,1,4,2,4,1,3,,,,,,,,,,,,,,6,
4834,Professional Operations,engineer,Belgium,1,3,2,2,2,1,4,1,,,,1,4,,,,,,,,,,,,,,,4,1,4,2,4,1,,,,,,,,,,,,,,,,,1,4,1,1,1,4,2,,,,,,,,,,,,,,7,
4835,Sales & Export,sales,Brazil,4,2,4,1,1,2,4,1,,,,3,2,,,,,,,,,,,,,,,1,4,4,1,2,4,,,,,,,,,,,,,,,,,1,3,1,2,1,2,4,,,,,,,,,,,,,,10,
4836,Sales & Export,kiosk worker,Russia,2,2,1,1,3,2,3,1,,,,4,4,,,,,,,,,,,,,,,4,3,1,3,2,4,,,,,,,,,,,,,,,,,1,3,3,2,1,3,2,,,,,,,,,,,,,,9,
4837,Finance,field service engineer,New Zealand,1,2,1,3,2,2,1,4,,,,2,1,,,,,,,,,,,,,,,2,3,1,2,3,3,,,,,,,,,,,,,,,,,3,3,3,2,4,2,3,,,,,,,,,,,,,,7,
4838,Strategy & PMI,engineer,Malaysia,2,2,3,3,3,4,4,3,,,,3,2,,,,,,,,,,,,,,,1,4,2,4,2,3,,,,,,,,,,,,,,,,,3,2,4,3,3,2,1,,,,,,,,,,,,,,10,
4839,Operations & Manufacturing,sales,Netherlands,3,2,4,1,4,3,2,4,,,,2,3,,,,,,,,,,,,,,,3,4,4,1,4,4,,,,,,,,,,,,,,,,,1,2,2,1,3,4,3,,,,,,,,,,,,,,10,
4840,Sales & Export,kiosk worker,Germany,3,1,4,3,4,1,1,1,,,,3,1,,,,,,,,,,,,,,,2,1,3,2,2,3,,,,,,,,,,,,,,,,,4,1,3,2,2,3,3,,,,,,,,,,,,,,10,
4841,Sales & Export,field service engineer,Germany,2,4,3,3,3,4,4,1,,,,4,1,,,,,,,,,,,,,,,4,3,2,4,3,3,,,,,,,,,,,,,,,,,2,1,4,2,2,3,4,,,,,,,,,,,,,,7,
4842,Sales & Export,engineer,United Kingdom,4,2,3,2,1,1,1,4,,,,4,1,,,,,,,,,,,,,,,1,4,2,1,2,4,,,,,,,,,,,,,,,,,1,1,2,1,4,4,3,,,,,,,,,,,,,,10,
4843,Information Technology,sales,Netherlands,4,4,2,1,4,2,1,2,,,,4,2,,,,,,,,,,,,,,,1,4,1,4,2,3,,,,,,,,,,,,,,,,,3,3,4,4,4,1,3,,,,,,,,,,,,,,5,
4844,Operations & Manufacturing,kiosk worker,Thailand,4,1,3,4,4,3,2,4,,,,4,4,,,,,,,,,,,,,,,2,1,4,1,1,3,,,,,,,,,,,,,,,,,3,2,2,2,1,4,2,,,,,,,,,,,,,,4,
4845,Supply Chain,field service engineer,France,3,4,2,1,3,1,2,4,,,,4,3,,,,,,,,,,,,,,,2,4,4,2,2,3,,,,,,,,,,,,,,,,,4,2,4,1,3,1,2,,,,,,,,,,,,,,5,
4846,Human Resources,engineer,Romania,3,4,2,4,1,3,4,4,,,,2,4,,,,,,,,,,,,,,,2,2,2,3,4,2,,,,,,,,,,,,,,,,,3,1,2,3,3,4,3,,,,,,,,,,,,,,8,
4847,Sales & Export,sales,Germany,4,1,1,3,2,3,3,2,,,,3,3,,,,,,,,,,,,,,,3,1,2,4,2,1,,,,,,,,,,,,,,,,,1,1,3,4,1,3,3,,,,,,,,,,,,,,8,
4848,Professional Operations,kiosk worker,Norway,3,4,3,3,3,3,1,4,,,,3,3,,,,,,,,,,,,,,,4,4,2,2,2,3,,,,,,,,,,,,,,,,,3,3,4,1,3,1,1,,,,,,,,,,,,,,9,
4849,General Management,field service engineer,Ireland,3,2,3,1,1,4,3,4,,,,1,4,,,,,,,,,,,,,,,4,1,2,2,2,2,,,,,,,,,,,,,,,,,1,4,1,3,4,4,4,,,,,,,,,,,,,,8,
4850,Operations & Manufacturing,engineer,Germany,4,3,2,2,3,2,4,2,,,,3,1,,,,,,,,,,,,,,,4,1,1,3,1,3,,,,,,,,,,,,,,,,,1,4,2,1,3,2,3,,,,,,,,,,,,,,5,
4851,Marketing,sales,Spain,1,2,1,3,1,4,4,2,,,,1,2,,,,,,,,,,,,,,,2,3,4,2,1,4,,,,,,,,,,,,,,,,,4,2,4,2,3,1,3,,,,,,,,,,,,,,7,
4852,Supply Chain,kiosk worker,Netherlands,4,1,1,1,1,4,2,3,,,,2,1,,,,,,,,,,,,,,,1,4,3,4,2,2,,,,,,,,,,,,,,,,,4,3,3,2,2,3,1,,,,,,,,,,,,,,10,
4853,Sales & Export,field service engineer,Brazil,3,2,1,1,3,1,2,2,,,,1,4,,,,,,,,,,,,,,,2,2,4,1,1,4,,,,,,,,,,,,,,,,,1,2,4,4,4,4,1,,,,,,,,,,,,,,10,
4854,Professional Operations,engineer,Belgium,4,1,1,3,1,2,2,4,,,,2,2,,,,,,,,,,,,,,,3,1,3,4,3,3,,,,,,,,,,,,,,,,,1,2,1,2,3,3,2,,,,,,,,,,,,,,5,
4855,Sales & Export,sales,Brazil,1,2,3,3,3,4,4,3,,,,2,2,,,,,,,,,,,,,,,2,4,3,3,1,4,,,,,,,,,,,,,,,,,2,1,2,3,1,4,1,,,,,,,,,,,,,,10,
4856,Sales & Export,kiosk worker,Russia,4,1,1,1,4,3,4,3,,,,3,4,,,,,,,,,,,,,,,4,4,4,2,3,4,,,,,,,,,,,,,,,,,2,3,4,4,2,4,3,,,,,,,,,,,,,,4,
4857,Finance,field service engineer,New Zealand,2,3,2,2,3,2,3,1,,,,3,3,,,,,,,,,,,,,,,2,2,4,1,1,3,,,,,,,,,,,,,,,,,3,2,4,4,3,4,4,,,,,,,,,,,,,,9,
4858,Strategy & PMI,engineer,Malaysia,1,2,2,2,3,4,4,3,,,,1,1,,,,,,,,,,,,,,,1,3,2,1,1,4,,,,,,,,,,,,,,,,,4,1,4,1,4,1,3,,,,,,,,,,,,,,4,
4859,Operations & Manufacturing,sales,Netherlands,4,1,3,3,4,4,3,1,,,,3,4,,,,,,,,,,,,,,,4,1,3,4,4,1,,,,,,,,,,,,,,,,,3,3,4,3,4,4,2,,,,,,,,,,,,,,7,
4860,Sales & Export,kiosk worker,Germany,3,3,4,4,4,4,3,3,,,,1,4,,,,,,,,,,,,,,,2,2,2,3,4,4,,,,,,,,,,,,,,,,,1,4,3,3,2,4,2,,,,,,,,,,,,,,6,
4861,Sales & Export,field service engineer,Germany,2,3,3,2,4,4,2,2,,,,3,3,,,,,,,,,,,,,,,1,1,3,3,4,3,,,,,,,,,,,,,,,,,1,4,3,1,1,2,2,,,,,,,,,,,,,,9,
4862,Sales & Export,engineer,United Kingdom,1,2,1,4,1,1,1,2,,,,2,1,,,,,,,,,,,,,,,1,4,1,2,1,2,,,,,,,,,,,,,,,,,2,1,4,2,4,2,1,,,,,,,,,,,,,,8,
4863,Information Technology,sales,Netherlands,1,3,2,4,3,2,2,4,,,,2,1,,,,,,,,,,,,,,,3,4,4,1,1,3,,,,,,,,,,,,,,,,,3,4,4,3,3,3,4,,,,,,,,,,,,,,4,
4864,Operations & Manufacturing,kiosk worker,Thailand,1,3,3,4,2,2,4,1,,,,1,3,,,,,,,,,,,,,,,2,4,4,3,4,2,,,,,,,,,,,,,,,,,4,2,2,4,1,1,1,,,,,,,,,,,,,,4,
4865,Supply Chain,field service engineer,France,2,2,2,1,4,2,4,4,,,,1,1,,,,,,,,,,,,,,,3,4,1,3,2,1,,,,,,,,,,,,,,,,,4,4,1,2,1,3,2,,,,,,,,,,,,,,5,
4866,Human Resources,engineer,Romania,2,3,4,4,2,4,2,3,,,,4,2,,,,,,,,,,,,,,,4,1,3,1,3,2,,,,,,,,,,,,,,,,,1,1,3,3,4,3,1,,,,,,,,,,,,,,8,
4867,Sales & Export,sales,Germany,2,3,1,1,2,3,1,3,,,,3,3,,,,,,,,,,,,,,,3,2,2,4,2,3,,,,,,,,,,,,,,,,,3,3,3,1,3,2,4,,,,,,,,,,,,,,7,
4868,Professional Operations,kiosk worker,Norway,4,1,1,1,4,3,1,1,,,,4,2,,,,,,,,,,,,,,,4,3,3,3,3,3,,,,,,,,,,,,,,,,,1,2,4,1,2,2,2,,,,,,,,,,,,,,10,
4869,General Management,field service engineer,Ireland,3,3,3,1,1,1,2,1,,,,1,1,,,,,,,,,,,,,,,3,2,1,2,1,1,,,,,,,,,,,,,,,,,1,3,3,3,2,4,2,,,,,,,,,,,,,,9,
4870,Operations & Manufacturing,engineer,Germany,2,1,1,2,2,4,3,4,,,,4,2,,,,,,,,,,,,,,,2,4,1,4,2,3,,,,,,,,,,,,,,,,,2,2,3,3,2,3,4,,,,,,,,,,,,,,6,
4871,Marketing,sales,Spain,1,1,4,4,4,3,2,2,,,,3,2,,,,,,,,,,,,,,,2,4,2,4,2,1,,,,,,,,,,,,,,,,,1,2,3,4,3,4,3,,,,,,,,,,,,,,6,
4872,Supply Chain,kiosk worker,Netherlands,1,2,2,3,4,4,2,3,,,,2,2,,,,,,,,,,,,,,,2,4,3,1,1,4,,,,,,,,,,,,,,,,,2,4,4,1,2,2,2,,,,,,,,,,,,,,6,
4873,Sales & Export,field service engineer,Brazil,4,2,4,4,1,1,4,3,,,,4,2,,,,,,,,,,,,,,,2,1,2,1,4,4,,,,,,,,,,,,,,,,,4,1,2,1,4,4,1,,,,,,,,,,,,,,5,
4874,Professional Operations,engineer,Belgium,1,1,3,4,4,2,3,3,,,,3,2,,,,,,,,,,,,,,,4,4,2,1,1,4,,,,,,,,,,,,,,,,,1,2,1,4,4,1,4,,,,,,,,,,,,,,6,
4875,Sales & Export,sales,Brazil,2,1,4,4,1,4,2,4,,,,4,2,,,,,,,,,,,,,,,4,2,2,4,2,1,,,,,,,,,,,,,,,,,3,1,2,2,3,1,2,,,,,,,,,,,,,,10,
4876,Sales & Export,kiosk worker,Russia,3,2,3,2,3,2,3,4,,,,2,3,,,,,,,,,,,,,,,1,3,4,3,1,4,,,,,,,,,,,,,,,,,1,4,3,3,1,3,1,,,,,,,,,,,,,,8,
4877,Finance,field service engineer,New Zealand,2,2,4,2,1,4,2,4,,,,2,4,,,,,,,,,,,,,,,4,3,4,1,4,1,,,,,,,,,,,,,,,,,4,4,4,1,3,1,3,,,,,,,,,,,,,,7,
4878,Strategy & PMI,engineer,Malaysia,1,4,2,3,4,4,4,4,,,,2,3,,,,,,,,,,,,,,,2,1,4,4,2,4,,,,,,,,,,,,,,,,,3,1,2,4,4,2,3,,,,,,,,,,,,,,10,
4879,Operations & Manufacturing,sales,Netherlands,3,4,4,2,3,2,1,3,,,,1,4,,,,,,,,,,,,,,,3,1,3,3,2,2,,,,,,,,,,,,,,,,,1,4,3,2,1,4,2,,,,,,,,,,,,,,9,
4880,Sales & Export,kiosk worker,Germany,3,1,1,2,3,2,3,1,,,,3,4,,,,,,,,,,,,,,,3,4,3,2,1,4,,,,,,,,,,,,,,,,,2,4,2,2,3,2,2,,,,,,,,,,,,,,10,
4881,Sales & Export,field service engineer,Germany,3,1,1,1,4,3,3,3,,,,1,2,,,,,,,,,,,,,,,2,4,2,4,3,2,,,,,,,,,,,,,,,,,2,1,1,2,1,4,3,,,,,,,,,,,,,,7,
4882,Sales & Export,engineer,United Kingdom,4,1,3,1,1,2,4,4,,,,3,3,,,,,,,,,,,,,,,3,2,4,4,3,2,,,,,,,,,,,,,,,,,4,1,2,1,2,2,3,,,,,,,,,,,,,,8,
4883,Information Technology,sales,Netherlands,1,4,1,3,3,4,2,2,,,,3,2,,,,,,,,,,,,,,,4,1,4,3,1,1,,,,,,,,,,,,,,,,,1,1,2,2,1,3,1,,,,,,,,,,,,,,5,
4884,Operations & Manufacturing,kiosk worker,Thailand,2,1,4,3,2,3,4,2,,,,2,3,,,,,,,,,,,,,,,1,1,1,3,3,3,,,,,,,,,,,,,,,,,2,4,1,2,1,4,2,,,,,,,,,,,,,,8,
4885,Supply Chain,field service engineer,France,1,3,2,1,2,4,2,1,,,,3,1,,,,,,,,,,,,,,,3,1,4,4,1,2,,,,,,,,,,,,,,,,,2,4,4,4,3,3,1,,,,,,,,,,,,,,8,
4886,Human Resources,engineer,Romania,3,4,3,2,1,2,3,4,,,,3,2,,,,,,,,,,,,,,,4,3,2,1,1,2,,,,,,,,,,,,,,,,,4,2,2,2,4,2,1,,,,,,,,,,,,,,8,
4887,Sales & Export,sales,Germany,4,2,1,1,2,1,1,4,,,,3,2,,,,,,,,,,,,,,,4,1,4,4,1,4,,,,,,,,,,,,,,,,,3,2,4,1,2,2,3,,,,,,,,,,,,,,5,
4888,Professional Operations,kiosk worker,Norway,4,3,2,3,4,4,1,2,,,,4,2,,,,,,,,,,,,,,,2,1,3,4,2,1,,,,,,,,,,,,,,,,,2,3,1,4,4,3,4,,,,,,,,,,,,,,4,
4889,General Management,field service engineer,Ireland,4,4,3,2,3,1,3,3,,,,4,4,,,,,,,,,,,,,,,4,1,4,2,1,4,,,,,,,,,,,,,,,,,1,1,3,4,3,2,3,,,,,,,,,,,,,,4,
4890,Operations & Manufacturing,engineer,Germany,3,2,4,3,2,2,1,4,,,,4,2,,,,,,,,,,,,,,,1,4,2,2,1,2,,,,,,,,,,,,,,,,,1,2,2,2,3,2,2,,,,,,,,,,,,,,10,
4891,Professional Operations,sales,Spain,4,1,4,1,2,2,3,1,,,,4,3,,,,,,,,,,,,,,,4,2,4,4,1,3,,,,,,,,,,,,,,,,,3,1,2,2,4,1,3,,,,,,,,,,,,,,5,
4892,General Management,kiosk worker,Netherlands,1,3,3,3,2,2,2,2,,,,4,2,,,,,,,,,,,,,,,4,2,1,1,1,3,,,,,,,,,,,,,,,,,1,2,4,2,1,3,4,,,,,,,,,,,,,,4,
4893,Operations & Manufacturing,field service engineer,Brazil,1,4,3,3,2,4,2,3,,,,2,2,,,,,,,,,,,,,,,1,4,3,4,3,3,,,,,,,,,,,,,,,,,3,3,2,1,4,3,2,,,,,,,,,,,,,,9,
4894,Professional Operations,engineer,Netherlands,4,3,3,3,3,2,2,4,,,,2,1,,,,,,,,,,,,,,,3,3,4,3,2,3,,,,,,,,,,,,,,,,,2,2,4,3,1,1,4,,,,,,,,,,,,,,8,
4895,Professional Operations,sales,Belgium,3,1,4,4,1,2,4,4,,,,1,3,,,,,,,,,,,,,,,3,1,4,1,1,1,,,,,,,,,,,,,,,,,4,4,3,4,1,3,1,,,,,,,,,,,,,,6,
4896,Sales & Export,kiosk worker,Brazil,3,2,1,1,4,2,3,4,,,,2,4,,,,,,,,,,,,,,,3,1,3,3,4,2,,,,,,,,,,,,,,,,,4,2,2,2,2,4,3,,,,,,,,,,,,,,9,
4897,Sales & Export,field service engineer,Russia,3,2,2,3,4,3,3,1,,,,1,1,,,,,,,,,,,,,,,2,4,4,1,2,4,,,,,,,,,,,,,,,,,4,3,4,3,2,2,1,,,,,,,,,,,,,,5,
4898,Finance,engineer,New Zealand,3,1,2,4,1,1,4,3,,,,2,2,,,,,,,,,,,,,,,4,2,2,4,2,4,,,,,,,,,,,,,,,,,3,4,3,1,2,1,3,,,,,,,,,,,,,,6,
4899,Strategy & PMI,sales,Malaysia,2,4,3,3,3,3,3,1,,,,1,2,,,,,,,,,,,,,,,2,4,4,3,3,4,,,,,,,,,,,,,,,,,4,3,1,3,3,3,2,,,,,,,,,,,,,,5,
4900,Operations & Manufacturing,kiosk worker,Netherlands,4,1,3,2,4,3,4,2,,,,4,2,,,,,,,,,,,,,,,1,3,2,3,1,4,,,,,,,,,,,,,,,,,3,2,1,1,1,3,1,,,,,,,,,,,,,,9,
4901,Sales & Export,field service engineer,Germany,1,4,1,3,1,4,1,1,,,,1,2,,,,,,,,,,,,,,,1,4,1,4,3,2,,,,,,,,,,,,,,,,,2,4,1,4,2,3,2,,,,,,,,,,,,,,9,
4902,Sales & Export,engineer,Germany,4,2,2,1,1,4,1,4,,,,3,2,,,,,,,,,,,,,,,3,1,2,2,3,4,,,,,,,,,,,,,,,,,3,3,2,3,2,1,4,,,,,,,,,,,,,,5,
4903,Sales & Export,sales,United Kingdom,2,1,3,2,3,3,2,3,,,,1,1,,,,,,,,,,,,,,,2,1,3,1,3,3,,,,,,,,,,,,,,,,,3,1,3,2,3,4,1,,,,,,,,,,,,,,10,
4904,Information Technology,kiosk worker,Netherlands,1,2,1,2,3,2,1,4,,,,4,2,,,,,,,,,,,,,,,3,1,4,4,1,4,,,,,,,,,,,,,,,,,1,4,3,2,2,1,4,,,,,,,,,,,,,,8,
4905,Operations & Manufacturing,field service engineer,Thailand,1,4,1,3,2,2,2,1,,,,1,2,,,,,,,,,,,,,,,3,1,3,3,2,4,,,,,,,,,,,,,,,,,3,4,4,1,2,2,2,,,,,,,,,,,,,,8,
4906,Supply Chain,engineer,France,3,2,1,2,2,3,1,2,,,,3,4,,,,,,,,,,,,,,,3,4,2,3,4,3,,,,,,,,,,,,,,,,,4,1,1,2,4,4,1,,,,,,,,,,,,,,5,
4907,Human Resources,sales,Romania,2,4,4,2,2,4,2,2,,,,1,1,,,,,,,,,,,,,,,2,1,2,3,4,3,,,,,,,,,,,,,,,,,1,4,1,4,4,1,4,,,,,,,,,,,,,,10,
4908,Sales & Export,kiosk worker,Germany,1,4,1,3,4,4,2,1,,,,3,1,,,,,,,,,,,,,,,1,1,4,4,4,1,,,,,,,,,,,,,,,,,4,4,4,2,4,4,1,,,,,,,,,,,,,,4,
4909,Professional Operations,field service engineer,Norway,3,2,1,2,3,3,1,4,,,,3,3,,,,,,,,,,,,,,,1,4,2,3,3,4,,,,,,,,,,,,,,,,,4,1,3,3,1,1,1,,,,,,,,,,,,,,9,
4910,General Management,engineer,Ireland,2,4,3,2,1,2,2,3,,,,2,1,,,,,,,,,,,,,,,3,1,1,4,4,1,,,,,,,,,,,,,,,,,3,1,3,4,2,3,4,,,,,,,,,,,,,,5,
4911,Operations & Manufacturing,sales,Germany,1,3,1,4,4,1,3,3,,,,4,4,,,,,,,,,,,,,,,2,3,3,3,3,4,,,,,,,,,,,,,,,,,1,1,1,3,4,3,3,,,,,,,,,,,,,,9,
4912,Marketing,kiosk worker,Spain,1,4,2,2,3,3,1,2,,,,4,4,,,,,,,,,,,,,,,4,1,2,2,1,3,,,,,,,,,,,,,,,,,2,1,2,3,3,2,1,,,,,,,,,,,,,,5,
4913,Supply Chain,field service engineer,Netherlands,4,4,2,2,3,1,3,3,,,,1,1,,,,,,,,,,,,,,,4,4,4,4,3,4,,,,,,,,,,,,,,,,,1,4,2,3,2,4,2,,,,,,,,,,,,,,6,
4914,Sales & Export,engineer,Brazil,4,1,1,4,3,4,2,1,,,,4,4,,,,,,,,,,,,,,,3,3,4,2,4,3,,,,,,,,,,,,,,,,,4,1,3,3,1,1,4,,,,,,,,,,,,,,10,
4915,Professional Operations,sales,Belgium,2,1,1,2,4,2,1,3,,,,1,2,,,,,,,,,,,,,,,1,2,1,4,1,4,,,,,,,,,,,,,,,,,1,4,3,2,2,2,1,,,,,,,,,,,,,,8,
4916,Sales & Export,kiosk worker,Brazil,4,3,4,3,4,1,1,1,,,,2,3,,,,,,,,,,,,,,,4,1,3,1,4,1,,,,,,,,,,,,,,,,,4,4,1,1,3,2,4,,,,,,,,,,,,,,5,
4917,Sales & Export,field service engineer,Russia,2,3,2,1,3,1,1,3,,,,4,3,,,,,,,,,,,,,,,3,4,2,3,3,2,,,,,,,,,,,,,,,,,3,3,3,4,2,1,3,,,,,,,,,,,,,,9,
4918,Finance,engineer,New Zealand,4,4,4,4,1,2,4,1,,,,1,3,,,,,,,,,,,,,,,1,1,3,3,4,3,,,,,,,,,,,,,,,,,2,1,4,2,2,4,4,,,,,,,,,,,,,,6,
4919,Strategy & PMI,sales,Malaysia,3,2,3,3,4,1,1,4,,,,1,4,,,,,,,,,,,,,,,4,3,1,4,2,3,,,,,,,,,,,,,,,,,4,4,2,1,4,2,3,,,,,,,,,,,,,,8,
4920,Operations & Manufacturing,kiosk worker,Netherlands,4,2,2,3,2,2,2,4,,,,1,2,,,,,,,,,,,,,,,2,1,3,4,1,2,,,,,,,,,,,,,,,,,2,3,3,3,2,2,1,,,,,,,,,,,,,,8,
4921,Sales & Export,field service engineer,Germany,4,2,3,2,4,3,3,2,,,,2,3,,,,,,,,,,,,,,,2,2,4,2,4,3,,,,,,,,,,,,,,,,,3,3,3,3,1,4,4,,,,,,,,,,,,,,7,
4922,Sales & Export,engineer,Germany,4,2,4,4,2,2,1,2,,,,1,4,,,,,,,,,,,,,,,1,3,1,4,3,4,,,,,,,,,,,,,,,,,2,1,1,2,1,2,1,,,,,,,,,,,,,,5,
4923,Sales & Export,sales,United Kingdom,1,4,3,4,1,3,2,4,,,,4,3,,,,,,,,,,,,,,,4,4,3,2,4,2,,,,,,,,,,,,,,,,,2,2,3,4,2,4,2,,,,,,,,,,,,,,8,
4924,Information Technology,kiosk worker,Netherlands,4,1,4,3,3,2,4,3,,,,1,3,,,,,,,,,,,,,,,4,4,4,2,1,2,,,,,,,,,,,,,,,,,2,2,3,2,3,3,4,,,,,,,,,,,,,,8,
4925,Operations & Manufacturing,field service engineer,Thailand,3,4,2,3,2,4,3,1,,,,4,4,,,,,,,,,,,,,,,3,4,1,3,1,4,,,,,,,,,,,,,,,,,2,3,2,1,3,2,1,,,,,,,,,,,,,,8,
4926,Supply Chain,engineer,France,2,2,1,1,4,1,4,3,,,,2,4,,,,,,,,,,,,,,,1,3,4,3,4,1,,,,,,,,,,,,,,,,,1,3,3,1,2,3,3,,,,,,,,,,,,,,8,
4927,Human Resources,sales,Romania,4,4,4,3,4,1,2,1,,,,1,3,,,,,,,,,,,,,,,4,2,3,2,1,3,,,,,,,,,,,,,,,,,3,3,2,4,3,1,1,,,,,,,,,,,,,,6,
4928,Sales & Export,kiosk worker,Germany,4,1,2,2,1,1,1,3,,,,2,3,,,,,,,,,,,,,,,4,3,4,3,1,1,,,,,,,,,,,,,,,,,3,2,4,4,2,2,1,,,,,,,,,,,,,,10,
4929,Professional Operations,field service engineer,Norway,1,1,3,2,3,2,4,1,,,,3,4,,,,,,,,,,,,,,,4,2,3,2,4,2,,,,,,,,,,,,,,,,,4,3,1,1,1,4,2,,,,,,,,,,,,,,9,
4930,General Management,engineer,Ireland,3,2,3,4,1,2,2,1,,,,1,1,,,,,,,,,,,,,,,3,4,3,1,1,3,,,,,,,,,,,,,,,,,3,1,2,2,1,2,2,,,,,,,,,,,,,,6,
4931,Operations & Manufacturing,sales,Germany,4,1,2,1,4,4,1,4,,,,3,4,,,,,,,,,,,,,,,4,4,3,2,4,2,,,,,,,,,,,,,,,,,4,3,1,1,1,4,1,,,,,,,,,,,,,,5,
4932,Marketing,kiosk worker,Spain,3,2,3,4,3,4,1,4,,,,1,4,,,,,,,,,,,,,,,2,1,3,1,3,3,,,,,,,,,,,,,,,,,2,2,4,4,2,4,1,,,,,,,,,,,,,,4,
4933,Supply Chain,field service engineer,Netherlands,2,2,3,4,2,3,1,1,,,,4,1,,,,,,,,,,,,,,,1,4,2,3,1,1,,,,,,,,,,,,,,,,,1,3,3,1,3,3,4,,,,,,,,,,,,,,5,
4934,Sales & Export,engineer,Brazil,4,1,1,2,4,3,2,2,,,,4,3,,,,,,,,,,,,,,,3,1,1,1,3,1,,,,,,,,,,,,,,,,,2,4,3,4,1,2,4,,,,,,,,,,,,,,8,
4935,Professional Operations,sales,Belgium,3,2,4,3,4,3,1,1,,,,2,2,,,,,,,,,,,,,,,4,1,1,3,1,4,,,,,,,,,,,,,,,,,3,1,1,4,4,2,3,,,,,,,,,,,,,,9,
4936,Sales & Export,kiosk worker,Brazil,3,3,2,2,2,1,2,4,,,,1,2,,,,,,,,,,,,,,,2,4,3,2,1,4,,,,,,,,,,,,,,,,,1,1,1,1,1,3,3,,,,,,,,,,,,,,5,
4937,Sales & Export,field service engineer,Russia,3,1,1,4,4,1,2,1,,,,2,4,,,,,,,,,,,,,,,3,3,4,4,4,2,,,,,,,,,,,,,,,,,3,4,3,3,4,2,2,,,,,,,,,,,,,,4,
4938,Finance,engineer,New Zealand,3,2,1,3,2,2,2,4,,,,2,1,,,,,,,,,,,,,,,2,4,2,2,3,2,,,,,,,,,,,,,,,,,4,2,3,4,2,1,3,,,,,,,,,,,,,,8,
4939,Strategy & PMI,sales,Malaysia,3,4,2,1,3,3,4,1,,,,3,1,,,,,,,,,,,,,,,1,3,2,1,2,2,,,,,,,,,,,,,,,,,4,2,4,4,4,3,3,,,,,,,,,,,,,,4,
4940,Operations & Manufacturing,kiosk worker,Netherlands,4,1,2,3,4,3,3,3,,,,2,2,,,,,,,,,,,,,,,2,3,1,1,4,1,,,,,,,,,,,,,,,,,4,2,4,3,2,2,1,,,,,,,,,,,,,,7,
4941,Sales & Export,field service engineer,Germany,3,1,4,3,3,1,3,1,,,,4,2,,,,,,,,,,,,,,,1,3,2,3,1,2,,,,,,,,,,,,,,,,,2,3,4,1,4,1,3,,,,,,,,,,,,,,10,
4942,Sales & Export,engineer,Germany,1,2,4,3,2,3,3,2,,,,3,4,,,,,,,,,,,,,,,1,1,1,3,2,4,,,,,,,,,,,,,,,,,4,1,4,2,3,1,2,,,,,,,,,,,,,,8,
4943,Sales & Export,sales,United Kingdom,1,3,3,3,3,4,3,3,,,,3,1,,,,,,,,,,,,,,,3,2,1,3,3,3,,,,,,,,,,,,,,,,,4,3,3,4,1,2,1,,,,,,,,,,,,,,6,
4944,Information Technology,kiosk worker,Netherlands,2,3,1,3,1,3,1,3,,,,1,3,,,,,,,,,,,,,,,3,3,3,2,4,3,,,,,,,,,,,,,,,,,2,2,4,3,1,1,1,,,,,,,,,,,,,,8,
4945,Operations & Manufacturing,field service engineer,Thailand,1,1,1,1,1,4,2,2,,,,1,3,,,,,,,,,,,,,,,1,1,3,2,1,4,,,,,,,,,,,,,,,,,4,3,1,1,3,4,3,,,,,,,,,,,,,,6,
4946,Supply Chain,engineer,France,1,1,4,2,1,1,2,3,,,,4,4,,,,,,,,,,,,,,,1,1,1,2,1,2,,,,,,,,,,,,,,,,,3,4,4,2,4,4,2,,,,,,,,,,,,,,5,
4947,Human Resources,sales,Romania,2,1,3,2,1,4,3,1,,,,2,1,,,,,,,,,,,,,,,2,4,4,1,4,3,,,,,,,,,,,,,,,,,4,4,1,1,3,4,3,,,,,,,,,,,,,,7,
4948,Sales & Export,kiosk worker,Germany,4,4,1,1,1,2,2,4,,,,1,4,,,,,,,,,,,,,,,4,1,2,3,4,1,,,,,,,,,,,,,,,,,3,2,3,4,4,4,3,,,,,,,,,,,,,,9,
4949,Professional Operations,field service engineer,Norway,1,2,4,4,2,1,4,1,,,,1,4,,,,,,,,,,,,,,,3,4,1,3,1,4,,,,,,,,,,,,,,,,,3,1,2,2,1,3,2,,,,,,,,,,,,,,9,
4950,General Management,engineer,Ireland,1,2,4,4,4,2,1,1,,,,4,3,,,,,,,,,,,,,,,1,4,4,3,2,3,,,,,,,,,,,,,,,,,3,1,1,4,1,3,4,,,,,,,,,,,,,,5,
4951,Operations & Manufacturing,sales,Germany,2,1,1,3,3,2,3,1,,,,4,3,,,,,,,,,,,,,,,1,1,3,3,3,2,,,,,,,,,,,,,,,,,2,2,4,3,1,3,1,,,,,,,,,,,,,,8,
4952,Marketing,kiosk worker,Spain,4,1,2,1,1,1,1,3,,,,2,2,,,,,,,,,,,,,,,3,4,3,4,3,3,,,,,,,,,,,,,,,,,4,1,2,1,3,2,3,,,,,,,,,,,,,,9,
4953,Supply Chain,field service engineer,Netherlands,1,4,2,2,3,1,3,3,,,,4,4,,,,,,,,,,,,,,,2,4,1,4,4,2,,,,,,,,,,,,,,,,,1,1,3,4,4,3,1,,,,,,,,,,,,,,6,
4954,Sales & Export,engineer,Brazil,2,1,3,3,1,1,1,3,,,,2,4,,,,,,,,,,,,,,,1,1,1,1,4,4,,,,,,,,,,,,,,,,,2,1,4,4,3,1,4,,,,,,,,,,,,,,4,
4955,Professional Operations,sales,Belgium,2,3,2,3,2,2,1,2,,,,3,1,,,,,,,,,,,,,,,1,1,1,4,3,2,,,,,,,,,,,,,,,,,4,3,3,2,1,3,4,,,,,,,,,,,,,,10,
4956,Sales & Export,kiosk worker,Brazil,2,3,3,1,2,2,1,3,,,,3,4,,,,,,,,,,,,,,,3,4,3,2,2,4,,,,,,,,,,,,,,,,,4,3,3,3,1,2,2,,,,,,,,,,,,,,8,
4957,Sales & Export,field service engineer,Russia,4,3,4,4,1,1,1,2,,,,3,2,,,,,,,,,,,,,,,2,4,4,3,4,1,,,,,,,,,,,,,,,,,4,4,3,4,2,2,4,,,,,,,,,,,,,,5,
4958,Finance,engineer,New Zealand,2,3,1,2,4,2,2,4,,,,2,4,,,,,,,,,,,,,,,3,3,1,2,3,4,,,,,,,,,,,,,,,,,4,4,4,2,1,3,1,,,,,,,,,,,,,,4,
4959,Strategy & PMI,sales,Malaysia,1,1,1,2,1,2,2,1,,,,1,2,,,,,,,,,,,,,,,2,1,1,2,4,1,,,,,,,,,,,,,,,,,3,1,2,1,4,2,2,,,,,,,,,,,,,,8,
4960,Operations & Manufacturing,kiosk worker,Netherlands,3,3,2,1,2,4,3,1,,,,4,2,,,,,,,,,,,,,,,4,4,1,2,2,1,,,,,,,,,,,,,,,,,4,3,3,1,2,1,2,,,,,,,,,,,,,,7,
4961,Sales & Export,field service engineer,Germany,3,2,4,2,3,1,2,1,,,,3,3,,,,,,,,,,,,,,,3,3,2,4,4,2,,,,,,,,,,,,,,,,,2,1,1,2,2,2,1,,,,,,,,,,,,,,6,
4962,Sales & Export,engineer,Germany,2,2,4,4,3,2,3,1,,,,2,2,,,,,,,,,,,,,,,3,1,4,3,2,1,,,,,,,,,,,,,,,,,3,1,4,3,4,1,1,,,,,,,,,,,,,,6,
4963,Sales & Export,sales,United Kingdom,3,2,4,1,1,3,1,1,,,,2,4,,,,,,,,,,,,,,,4,3,4,1,3,1,,,,,,,,,,,,,,,,,4,3,3,3,2,2,3,,,,,,,,,,,,,,7,
4964,Information Technology,kiosk worker,Netherlands,4,2,3,3,2,3,1,2,,,,3,1,,,,,,,,,,,,,,,1,1,3,3,3,3,,,,,,,,,,,,,,,,,3,1,3,3,3,4,3,,,,,,,,,,,,,,5,
4965,Operations & Manufacturing,field service engineer,Thailand,4,3,2,2,3,1,4,3,,,,4,2,,,,,,,,,,,,,,,2,1,1,2,1,1,,,,,,,,,,,,,,,,,4,1,4,4,2,1,1,,,,,,,,,,,,,,10,
4966,Supply Chain,engineer,France,3,1,4,3,3,3,4,2,,,,3,3,,,,,,,,,,,,,,,2,1,3,1,2,2,,,,,,,,,,,,,,,,,2,3,1,1,2,4,1,,,,,,,,,,,,,,10,
4967,Human Resources,sales,Romania,3,4,3,2,2,1,4,3,,,,2,3,,,,,,,,,,,,,,,2,4,1,2,3,1,,,,,,,,,,,,,,,,,1,2,3,4,1,4,3,,,,,,,,,,,,,,8,
4968,Sales & Export,kiosk worker,Germany,4,4,4,4,2,2,2,1,,,,4,4,,,,,,,,,,,,,,,1,2,2,2,3,3,,,,,,,,,,,,,,,,,4,4,1,4,2,3,2,,,,,,,,,,,,,,7,
4969,Professional Operations,field service engineer,Norway,3,2,2,2,4,1,3,3,,,,2,2,,,,,,,,,,,,,,,2,2,1,2,4,3,,,,,,,,,,,,,,,,,1,4,3,3,4,4,1,,,,,,,,,,,,,,10,
4970,General Management,engineer,Ireland,4,2,3,4,1,3,2,1,,,,2,4,,,,,,,,,,,,,,,1,3,2,1,2,4,,,,,,,,,,,,,,,,,4,2,3,1,1,4,2,,,,,,,,,,,,,,8,
4971,Operations & Manufacturing,sales,Germany,3,4,4,4,2,2,2,2,,,,4,2,,,,,,,,,,,,,,,3,4,3,1,1,2,,,,,,,,,,,,,,,,,4,3,1,3,2,4,3,,,,,,,,,,,,,,4,
4972,Marketing,kiosk worker,Spain,1,2,4,1,3,1,1,2,,,,2,3,,,,,,,,,,,,,,,2,1,4,1,3,4,,,,,,,,,,,,,,,,,3,4,4,1,1,1,1,,,,,,,,,,,,,,9,
4973,Supply Chain,field service engineer,Netherlands,3,1,4,4,2,2,3,4,,,,2,4,,,,,,,,,,,,,,,4,3,3,2,1,3,,,,,,,,,,,,,,,,,2,1,1,4,2,3,3,,,,,,,,,,,,,,9,
4974,Sales & Export,engineer,Brazil,1,2,2,4,2,4,4,1,,,,1,2,,,,,,,,,,,,,,,2,2,2,1,4,3,,,,,,,,,,,,,,,,,3,4,3,2,3,2,1,,,,,,,,,,,,,,5,
4975,Professional Operations,sales,Belgium,4,3,1,2,1,2,3,2,,,,4,2,,,,,,,,,,,,,,,4,4,4,4,2,3,,,,,,,,,,,,,,,,,1,3,3,4,3,3,4,,,,,,,,,,,,,,9,
4976,Sales & Export,kiosk worker,Brazil,4,2,1,2,4,3,4,1,,,,2,3,,,,,,,,,,,,,,,1,2,1,3,3,1,,,,,,,,,,,,,,,,,1,2,2,3,3,2,2,,,,,,,,,,,,,,10,
4977,Sales & Export,field service engineer,Russia,3,1,2,4,4,3,2,2,,,,1,1,,,,,,,,,,,,,,,1,3,3,4,2,3,,,,,,,,,,,,,,,,,2,1,4,4,4,3,2,,,,,,,,,,,,,,7,
4978,Finance,engineer,New Zealand,1,3,2,2,3,3,2,2,,,,4,4,,,,,,,,,,,,,,,2,4,3,3,3,3,,,,,,,,,,,,,,,,,1,1,3,4,1,3,4,,,,,,,,,,,,,,4,
4979,Strategy & PMI,sales,Malaysia,3,2,2,4,4,3,3,3,,,,3,4,,,,,,,,,,,,,,,2,3,2,1,3,1,,,,,,,,,,,,,,,,,1,1,1,3,4,1,1,,,,,,,,,,,,,,10,
4980,Operations & Manufacturing,kiosk worker,Netherlands,2,1,1,2,4,2,3,1,,,,1,2,,,,,,,,,,,,,,,1,2,4,3,4,4,,,,,,,,,,,,,,,,,3,4,3,3,2,4,3,,,,,,,,,,,,,,9,
4981,Sales & Export,field service engineer,Germany,2,4,4,3,2,1,2,4,,,,1,4,,,,,,,,,,,,,,,1,3,3,3,3,3,,,,,,,,,,,,,,,,,2,1,4,4,2,1,3,,,,,,,,,,,,,,8,
4982,Sales & Export,engineer,Germany,3,3,4,2,3,3,4,3,,,,4,4,,,,,,,,,,,,,,,4,3,4,1,3,2,,,,,,,,,,,,,,,,,1,2,3,1,4,3,3,,,,,,,,,,,,,,9,
4983,Sales & Export,sales,United Kingdom,2,2,3,3,2,4,2,1,,,,3,2,,,,,,,,,,,,,,,2,1,1,3,4,3,,,,,,,,,,,,,,,,,1,2,4,1,2,3,2,,,,,,,,,,,,,,5,
4984,Information Technology,kiosk worker,Netherlands,2,4,2,3,3,3,4,3,,,,4,3,,,,,,,,,,,,,,,4,1,4,4,1,1,,,,,,,,,,,,,,,,,3,3,2,3,3,1,2,,,,,,,,,,,,,,9,
4985,Operations & Manufacturing,field service engineer,Thailand,4,3,1,3,4,2,2,2,,,,3,2,,,,,,,,,,,,,,,3,2,1,1,4,4,,,,,,,,,,,,,,,,,4,3,2,4,1,4,1,,,,,,,,,,,,,,7,
4986,Supply Chain,engineer,France,1,4,3,3,2,1,4,1,,,,2,2,,,,,,,,,,,,,,,4,4,4,3,1,2,,,,,,,,,,,,,,,,,2,4,4,1,4,4,3,,,,,,,,,,,,,,8,
4987,Human Resources,sales,Romania,4,1,2,3,3,1,3,2,,,,2,3,,,,,,,,,,,,,,,3,4,1,1,3,1,,,,,,,,,,,,,,,,,1,1,4,2,4,4,1,,,,,,,,,,,,,,4,
4988,Sales & Export,kiosk worker,Germany,4,2,2,2,1,3,1,4,,,,3,3,,,,,,,,,,,,,,,3,2,1,3,2,3,,,,,,,,,,,,,,,,,2,4,1,3,2,2,1,,,,,,,,,,,,,,5,
4989,Professional Operations,field service engineer,Norway,1,1,4,3,1,2,1,2,,,,3,3,,,,,,,,,,,,,,,4,4,2,2,1,4,,,,,,,,,,,,,,,,,3,4,3,3,1,2,2,,,,,,,,,,,,,,7,
4990,General Management,engineer,Ireland,3,3,3,3,1,4,1,2,,,,1,4,,,,,,,,,,,,,,,2,1,2,1,2,2,,,,,,,,,,,,,,,,,3,3,2,4,3,3,1,,,,,,,,,,,,,,4,
4991,Operations & Manufacturing,sales,Germany,2,4,4,4,1,2,1,4,,,,3,1,,,,,,,,,,,,,,,3,2,4,4,3,3,,,,,,,,,,,,,,,,,2,3,1,3,2,4,2,,,,,,,,,,,,,,9,
4992,Marketing,kiosk worker,Spain,2,2,2,3,3,4,2,3,,,,1,3,,,,,,,,,,,,,,,1,2,3,2,3,2,,,,,,,,,,,,,,,,,1,4,3,1,1,1,4,,,,,,,,,,,,,,6,
4993,Supply Chain,field service engineer,Netherlands,3,2,3,4,3,1,1,2,,,,4,2,,,,,,,,,,,,,,,1,3,4,4,2,1,,,,,,,,,,,,,,,,,2,1,2,1,3,2,2,,,,,,,,,,,,,,10,
4994,Sales & Export,engineer,Brazil,4,3,3,1,3,3,1,2,,,,1,3,,,,,,,,,,,,,,,4,3,4,2,2,2,,,,,,,,,,,,,,,,,2,2,3,1,4,1,2,,,,,,,,,,,,,,7,
4995,Professional Operations,sales,Belgium,4,1,4,4,4,2,2,4,,,,4,3,,,,,,,,,,,,,,,4,3,1,1,3,2,,,,,,,,,,,,,,,,,4,4,4,4,3,1,1,,,,,,,,,,,,,,6,
4996,Sales & Export,kiosk worker,Brazil,2,1,4,4,1,1,2,4,,,,3,3,,,,,,,,,,,,,,,3,1,2,1,4,3,,,,,,,,,,,,,,,,,2,4,4,4,2,4,4,,,,,,,,,,,,,,9,
4997,Sales & Export,field service engineer,Russia,2,1,2,1,3,3,4,2,,,,4,2,,,,,,,,,,,,,,,2,1,2,2,4,2,,,,,,,,,,,,,,,,,4,1,4,4,2,2,3,,,,,,,,,,,,,,9,
4998,Finance,engineer,New Zealand,3,3,3,4,2,4,2,3,,,,4,4,,,,,,,,,,,,,,,3,4,1,1,2,3,,,,,,,,,,,,,,,,,4,4,3,3,2,4,1,,,,,,,,,,,,,,6,
4999,Strategy & PMI,sales,Malaysia,1,4,3,4,2,4,4,1,,,,3,4,,,,,,,,,,,,,,,2,1,2,2,1,1,,,,,,,,,,,,,,,,,1,1,2,4,4,3,3,,,,,,,,,,,,,,9,
5000,Operations & Manufacturing,kiosk worker,Netherlands,4,3,3,2,1,2,1,1,,,,1,2,,,,,,,,,,,,,,,3,3,3,4,2,4,,,,,,,,,,,,,,,,,2,2,3,1,3,2,3,,,,,,,,,,,,,,5,
5001,Sales & Export,field service engineer,Germany,4,2,1,3,2,4,1,3,,,,3,3,,,,,,,,,,,,,,,2,1,1,3,1,1,,,,,,,,,,,,,,,,,2,2,1,3,4,1,4,,,,,,,,,,,,,,6,
5002,Sales & Export,engineer,Germany,4,4,4,1,4,3,3,4,,,,4,3,,,,,,,,,,,,,,,1,2,3,4,1,2,,,,,,,,,,,,,,,,,2,3,3,3,1,1,2,,,,,,,,,,,,,,6,
5003,Sales & Export,sales,United Kingdom,3,3,1,1,1,2,4,2,,,,3,1,,,,,,,,,,,,,,,3,1,4,2,1,1,,,,,,,,,,,,,,,,,2,3,2,3,2,3,2,,,,,,,,,,,,,,10,
5004,Information Technology,kiosk worker,Netherlands,4,3,3,1,3,4,3,1,,,,4,2,,,,,,,,,,,,,,,3,3,3,4,1,4,,,,,,,,,,,,,,,,,1,4,4,4,4,4,2,,,,,,,,,,,,,,5,
5005,Operations & Manufacturing,field service engineer,Thailand,1,4,4,2,2,1,1,4,,,,1,2,,,,,,,,,,,,,,,2,3,2,2,2,1,,,,,,,,,,,,,,,,,4,1,2,3,1,2,2,,,,,,,,,,,,,,4,
5006,Supply Chain,engineer,France,2,1,3,2,4,1,4,1,,,,4,2,,,,,,,,,,,,,,,4,3,3,4,4,3,,,,,,,,,,,,,,,,,4,1,2,1,1,1,2,,,,,,,,,,,,,,4,
5007,Human Resources,sales,Romania,3,4,2,4,1,4,2,4,,,,4,3,,,,,,,,,,,,,,,3,4,2,4,4,2,,,,,,,,,,,,,,,,,1,2,3,3,3,4,3,,,,,,,,,,,,,,8,
5008,Sales & Export,kiosk worker,Germany,3,4,1,3,3,3,4,2,,,,1,2,,,,,,,,,,,,,,,4,4,1,4,2,3,,,,,,,,,,,,,,,,,1,3,2,2,1,1,2,,,,,,,,,,,,,,10,
5009,Professional Operations,field service engineer,Norway,2,3,2,2,2,1,2,1,,,,2,2,,,,,,,,,,,,,,,4,1,4,3,2,4,,,,,,,,,,,,,,,,,2,4,3,2,3,3,1,,,,,,,,,,,,,,8,
5010,General Management,engineer,Ireland,1,1,3,2,2,3,2,3,,,,2,4,,,,,,,,,,,,,,,2,1,3,4,3,4,,,,,,,,,,,,,,,,,4,2,4,3,1,1,1,,,,,,,,,,,,,,10,
5011,Operations & Manufacturing,sales,Germany,3,2,1,1,4,3,4,2,,,,4,2,,,,,,,,,,,,,,,1,1,1,2,3,4,,,,,,,,,,,,,,,,,2,2,4,3,3,2,2,,,,,,,,,,,,,,7,
5012,Marketing,kiosk worker,Spain,1,2,2,2,3,3,4,1,,,,3,2,,,,,,,,,,,,,,,3,4,3,3,4,1,,,,,,,,,,,,,,,,,3,2,2,3,2,2,1,,,,,,,,,,,,,,4,
5013,Supply Chain,field service engineer,Netherlands,2,3,2,3,1,2,4,3,,,,1,2,,,,,,,,,,,,,,,2,4,1,1,3,2,,,,,,,,,,,,,,,,,2,3,1,4,3,1,3,,,,,,,,,,,,,,4,
5014,Sales & Export,engineer,Brazil,2,2,4,1,3,4,4,3,,,,3,3,,,,,,,,,,,,,,,2,2,2,3,2,2,,,,,,,,,,,,,,,,,4,4,4,3,1,1,1,,,,,,,,,,,,,,5,
5015,Professional Operations,sales,Belgium,4,2,4,1,2,2,2,2,,,,4,4,,,,,,,,,,,,,,,2,4,2,1,2,4,,,,,,,,,,,,,,,,,1,3,4,2,1,4,1,,,,,,,,,,,,,,6,
5016,Sales & Export,kiosk worker,Brazil,3,4,2,1,3,1,1,3,,,,1,3,,,,,,,,,,,,,,,3,1,2,3,4,4,,,,,,,,,,,,,,,,,4,3,3,2,3,1,3,,,,,,,,,,,,,,5,
5017,Sales & Export,field service engineer,Russia,2,4,3,4,1,2,1,4,,,,1,2,,,,,,,,,,,,,,,4,2,1,3,4,3,,,,,,,,,,,,,,,,,2,2,1,3,4,3,4,,,,,,,,,,,,,,7,
5018,Finance,engineer,New Zealand,3,1,2,2,1,3,4,4,,,,2,1,,,,,,,,,,,,,,,1,1,3,2,1,4,,,,,,,,,,,,,,,,,2,4,2,1,1,3,4,,,,,,,,,,,,,,8,
5019,Strategy & PMI,sales,Malaysia,3,3,2,2,1,4,2,2,,,,1,2,,,,,,,,,,,,,,,4,1,1,4,1,2,,,,,,,,,,,,,,,,,3,1,1,3,2,4,4,,,,,,,,,,,,,,8,
5020,Operations & Manufacturing,kiosk worker,Netherlands,3,2,2,3,2,2,1,1,,,,2,2,,,,,,,,,,,,,,,1,4,1,3,1,1,,,,,,,,,,,,,,,,,3,1,1,4,2,1,2,,,,,,,,,,,,,,6,
5021,Sales & Export,field service engineer,Germany,2,3,1,2,1,3,4,2,,,,3,4,,,,,,,,,,,,,,,3,2,2,2,1,4,,,,,,,,,,,,,,,,,4,1,2,1,2,4,3,,,,,,,,,,,,,,6,
5022,Sales & Export,engineer,Germany,3,2,3,2,3,3,1,4,,,,2,1,,,,,,,,,,,,,,,4,2,4,4,3,1,,,,,,,,,,,,,,,,,1,1,3,4,2,3,2,,,,,,,,,,,,,,10,
5023,Sales & Export,sales,United Kingdom,4,1,1,1,4,3,4,4,,,,2,3,,,,,,,,,,,,,,,3,1,4,4,3,3,,,,,,,,,,,,,,,,,3,3,2,1,3,1,2,,,,,,,,,,,,,,5,
5024,Information Technology,kiosk worker,Netherlands,3,3,3,2,3,1,2,4,,,,1,4,,,,,,,,,,,,,,,3,4,2,2,1,3,,,,,,,,,,,,,,,,,3,4,1,3,4,2,4,,,,,,,,,,,,,,9,
5025,Operations & Manufacturing,field service engineer,Thailand,4,3,3,1,4,2,1,3,,,,4,3,,,,,,,,,,,,,,,2,4,1,2,4,3,,,,,,,,,,,,,,,,,3,3,1,3,4,3,2,,,,,,,,,,,,,,7,
5026,Supply Chain,engineer,France,2,3,3,4,2,3,4,3,,,,4,2,,,,,,,,,,,,,,,1,4,2,1,2,3,,,,,,,,,,,,,,,,,1,2,4,2,3,2,3,,,,,,,,,,,,,,4,
5027,Human Resources,sales,Romania,3,1,4,1,3,3,2,1,,,,4,2,,,,,,,,,,,,,,,4,4,2,2,2,1,,,,,,,,,,,,,,,,,1,4,2,3,4,4,1,,,,,,,,,,,,,,9,
5028,Sales & Export,kiosk worker,Germany,3,1,1,3,3,4,1,1,,,,1,1,,,,,,,,,,,,,,,4,4,2,3,1,1,,,,,,,,,,,,,,,,,1,1,2,2,4,2,1,,,,,,,,,,,,,,4,
5029,Professional Operations,field service engineer,Norway,1,2,2,4,1,1,4,2,,,,2,2,,,,,,,,,,,,,,,2,3,3,3,4,1,,,,,,,,,,,,,,,,,2,3,3,1,4,2,4,,,,,,,,,,,,,,7,
5030,General Management,engineer,Ireland,3,4,3,3,2,4,4,3,,,,3,1,,,,,,,,,,,,,,,3,4,3,1,2,2,,,,,,,,,,,,,,,,,2,1,2,4,3,2,2,,,,,,,,,,,,,,7,
5031,Operations & Manufacturing,sales,Germany,2,4,4,2,1,1,4,2,,,,2,2,,,,,,,,,,,,,,,1,4,2,4,2,1,,,,,,,,,,,,,,,,,4,3,4,2,1,1,1,,,,,,,,,,,,,,5,
5032,Marketing,kiosk worker,Spain,1,4,2,2,3,3,1,3,,,,2,3,,,,,,,,,,,,,,,4,4,1,1,1,1,,,,,,,,,,,,,,,,,2,2,1,3,4,2,3,,,,,,,,,,,,,,6,
5033,Supply Chain,field service engineer,Netherlands,2,2,3,4,4,3,1,3,,,,3,3,,,,,,,,,,,,,,,1,4,2,4,3,2,,,,,,,,,,,,,,,,,3,1,1,3,4,2,4,,,,,,,,,,,,,,8,
5034,Sales & Export,engineer,Brazil,1,2,1,1,4,3,4,3,,,,4,2,,,,,,,,,,,,,,,3,4,2,3,2,3,,,,,,,,,,,,,,,,,3,4,1,3,4,4,4,,,,,,,,,,,,,,8,
5035,Professional Operations,sales,Belgium,3,1,1,4,1,3,2,2,,,,1,2,,,,,,,,,,,,,,,2,4,1,3,1,2,,,,,,,,,,,,,,,,,3,2,4,2,1,1,4,,,,,,,,,,,,,,7,
5036,Sales & Export,kiosk worker,Brazil,2,3,1,3,1,2,1,3,,,,2,2,,,,,,,,,,,,,,,4,1,2,2,4,2,,,,,,,,,,,,,,,,,2,1,1,3,3,2,2,,,,,,,,,,,,,,8,
5037,Sales & Export,field service engineer,Russia,1,1,3,4,4,4,4,4,,,,3,1,,,,,,,,,,,,,,,2,3,2,4,1,2,,,,,,,,,,,,,,,,,1,3,3,4,3,4,4,,,,,,,,,,,,,,10,
5038,Finance,engineer,New Zealand,1,1,2,4,3,4,2,4,,,,2,1,,,,,,,,,,,,,,,4,2,4,2,4,1,,,,,,,,,,,,,,,,,4,3,2,1,3,1,1,,,,,,,,,,,,,,5,
5039,Strategy & PMI,sales,Malaysia,1,3,2,2,2,4,4,3,,,,4,3,,,,,,,,,,,,,,,2,4,1,3,4,4,,,,,,,,,,,,,,,,,1,2,4,4,2,3,2,,,,,,,,,,,,,,5,
5040,Operations & Manufacturing,kiosk worker,Netherlands,3,1,1,2,3,4,3,2,,,,4,4,,,,,,,,,,,,,,,4,4,2,3,2,1,,,,,,,,,,,,,,,,,4,4,1,3,3,4,2,,,,,,,,,,,,,,4,
5041,Sales & Export,field service engineer,Germany,3,1,3,1,2,1,3,2,,,,4,1,,,,,,,,,,,,,,,2,2,1,4,3,2,,,,,,,,,,,,,,,,,4,1,2,3,4,4,2,,,,,,,,,,,,,,10,
5042,Sales & Export,engineer,Germany,1,1,2,3,3,1,3,4,,,,4,2,,,,,,,,,,,,,,,1,4,2,2,4,3,,,,,,,,,,,,,,,,,4,1,2,3,1,1,4,,,,,,,,,,,,,,8,
5043,Sales & Export,sales,United Kingdom,1,4,1,2,4,3,4,4,,,,2,1,,,,,,,,,,,,,,,1,3,2,4,2,1,,,,,,,,,,,,,,,,,2,4,3,3,1,2,2,,,,,,,,,,,,,,4,
5044,Information Technology,kiosk worker,Netherlands,1,3,2,2,1,1,1,2,,,,4,4,,,,,,,,,,,,,,,2,3,2,1,2,4,,,,,,,,,,,,,,,,,2,1,4,1,4,3,1,,,,,,,,,,,,,,8,
5045,Operations & Manufacturing,field service engineer,Thailand,4,1,3,2,3,3,2,2,,,,1,1,,,,,,,,,,,,,,,4,2,3,4,4,2,,,,,,,,,,,,,,,,,2,4,2,3,3,1,3,,,,,,,,,,,,,,8,
5046,Supply Chain,engineer,France,3,4,3,4,4,4,4,3,,,,2,2,,,,,,,,,,,,,,,4,1,1,4,3,3,,,,,,,,,,,,,,,,,1,3,1,1,1,2,4,,,,,,,,,,,,,,6,
5047,Human Resources,sales,Romania,3,3,3,3,3,4,1,1,,,,2,3,,,,,,,,,,,,,,,1,4,2,3,4,4,,,,,,,,,,,,,,,,,3,2,2,4,3,3,2,,,,,,,,,,,,,,4,
5048,Sales & Export,kiosk worker,Germany,1,1,3,4,4,2,2,4,,,,2,4,,,,,,,,,,,,,,,1,3,3,2,1,1,,,,,,,,,,,,,,,,,4,3,4,1,1,3,4,,,,,,,,,,,,,,6,
5049,Professional Operations,field service engineer,Norway,2,4,1,2,4,2,2,1,,,,3,2,,,,,,,,,,,,,,,3,2,1,2,1,3,,,,,,,,,,,,,,,,,2,2,2,1,4,1,4,,,,,,,,,,,,,,10,
5050,General Management,engineer,Ireland,3,2,4,3,4,1,4,1,,,,2,1,,,,,,,,,,,,,,,4,2,1,3,2,4,,,,,,,,,,,,,,,,,1,3,1,4,3,2,2,,,,,,,,,,,,,,9,
5051,Operations & Manufacturing,sales,Germany,4,2,3,4,3,2,3,3,,,,4,4,,,,,,,,,,,,,,,3,1,1,1,1,2,,,,,,,,,,,,,,,,,2,1,3,2,3,1,4,,,,,,,,,,,,,,8,
5052,Marketing,kiosk worker,Spain,4,1,3,1,1,4,4,1,,,,2,4,,,,,,,,,,,,,,,3,1,1,2,3,1,,,,,,,,,,,,,,,,,4,4,2,3,1,1,1,,,,,,,,,,,,,,4,
5053,Supply Chain,field service engineer,Netherlands,2,2,1,2,2,3,1,2,,,,4,4,,,,,,,,,,,,,,,2,4,2,1,1,3,,,,,,,,,,,,,,,,,4,4,1,4,1,3,3,,,,,,,,,,,,,,5,
5054,Sales & Export,engineer,Brazil,3,1,2,3,3,3,2,2,,,,3,3,,,,,,,,,,,,,,,3,2,2,4,3,3,,,,,,,,,,,,,,,,,1,3,4,3,2,1,4,,,,,,,,,,,,,,7,
5055,Human Resources,sales,Ireland,1,3,3,1,3,4,1,2,,,,3,3,,,,,,,,,,,,,,,4,2,4,2,4,4,,,,,,,,,,,,,,,,,3,3,2,4,4,3,2,,,,,,,,,,,,,,6,
5056,Sales & Export,kiosk worker,Germany,2,4,1,4,4,3,3,2,,,,2,1,,,,,,,,,,,,,,,2,4,4,2,4,4,,,,,,,,,,,,,,,,,2,4,2,2,2,4,1,,,,,,,,,,,,,,10,
5057,Professional Operations,field service engineer,Spain,3,4,2,3,2,2,3,1,,,,3,1,,,,,,,,,,,,,,,2,1,1,3,2,1,,,,,,,,,,,,,,,,,3,3,2,2,4,2,4,,,,,,,,,,,,,,7,
5058,General Management,engineer,Netherlands,3,1,4,4,3,3,2,4,,,,2,1,,,,,,,,,,,,,,,3,3,4,1,3,3,,,,,,,,,,,,,,,,,2,4,1,3,3,3,2,,,,,,,,,,,,,,5,
5059,Operations & Manufacturing,sales,Brazil,1,2,2,2,2,3,1,3,,,,3,2,,,,,,,,,,,,,,,2,1,3,1,2,2,,,,,,,,,,,,,,,,,1,2,2,1,3,3,4,,,,,,,,,,,,,,8,
5060,Marketing,kiosk worker,Ireland,3,3,4,3,2,3,1,4,,,,3,3,,,,,,,,,,,,,,,2,4,2,2,1,2,,,,,,,,,,,,,,,,,2,1,3,2,1,2,1,,,,,,,,,,,,,,7,
5061,Supply Chain,field service engineer,Germany,2,2,1,4,3,2,1,2,,,,2,3,,,,,,,,,,,,,,,1,1,4,2,2,3,,,,,,,,,,,,,,,,,3,4,3,4,3,4,1,,,,,,,,,,,,,,4,
5062,Sales & Export,engineer,Spain,2,2,3,2,1,3,1,2,,,,4,2,,,,,,,,,,,,,,,4,4,3,1,1,2,,,,,,,,,,,,,,,,,2,3,4,2,3,4,1,,,,,,,,,,,,,,6,
5063,Human Resources,sales,Netherlands,2,1,3,4,3,1,3,2,,,,1,2,,,,,,,,,,,,,,,3,4,2,1,1,2,,,,,,,,,,,,,,,,,1,2,1,1,1,2,4,,,,,,,,,,,,,,5,
5064,Sales & Export,kiosk worker,Brazil,4,3,4,4,4,4,1,4,,,,2,3,,,,,,,,,,,,,,,1,3,4,4,4,3,,,,,,,,,,,,,,,,,1,2,1,4,1,3,3,,,,,,,,,,,,,,4,
5065,Professional Operations,field service engineer,Ireland,4,3,1,1,3,4,2,4,,,,2,4,,,,,,,,,,,,,,,2,1,3,2,4,2,,,,,,,,,,,,,,,,,4,4,1,2,2,4,3,,,,,,,,,,,,,,8,
5066,General Management,engineer,Germany,2,3,1,2,4,4,1,1,,,,4,4,,,,,,,,,,,,,,,3,1,2,2,3,1,,,,,,,,,,,,,,,,,3,1,4,2,4,2,3,,,,,,,,,,,,,,6,
5067,Operations & Manufacturing,sales,Spain,4,3,3,2,3,3,1,1,,,,4,1,,,,,,,,,,,,,,,1,3,4,2,2,1,,,,,,,,,,,,,,,,,4,2,3,3,2,2,2,,,,,,,,,,,,,,9,
5068,Marketing,kiosk worker,Netherlands,1,3,2,1,1,2,4,1,,,,4,3,,,,,,,,,,,,,,,4,1,3,2,1,1,,,,,,,,,,,,,,,,,1,4,2,4,2,2,4,,,,,,,,,,,,,,6,
5069,Supply Chain,field service engineer,Brazil,4,4,3,3,1,1,1,3,,,,4,3,,,,,,,,,,,,,,,1,2,4,4,2,1,,,,,,,,,,,,,,,,,4,4,2,1,3,3,4,,,,,,,,,,,,,,8,
5070,Sales & Export,engineer,Ireland,2,2,1,4,1,2,3,4,,,,3,4,,,,,,,,,,,,,,,1,2,2,3,1,4,,,,,,,,,,,,,,,,,2,3,3,2,3,4,2,,,,,,,,,,,,,,7,
5071,Human Resources,sales,Germany,1,1,2,1,4,4,4,3,,,,4,4,,,,,,,,,,,,,,,1,3,2,2,1,2,,,,,,,,,,,,,,,,,3,2,2,1,2,3,3,,,,,,,,,,,,,,8,
5072,Sales & Export,kiosk worker,Spain,4,1,2,3,4,4,4,3,,,,3,3,,,,,,,,,,,,,,,1,3,1,2,3,4,,,,,,,,,,,,,,,,,2,2,2,3,3,3,2,,,,,,,,,,,,,,9,
5073,Professional Operations,field service engineer,Netherlands,4,3,2,4,4,2,3,1,,,,3,2,,,,,,,,,,,,,,,4,2,1,3,2,3,,,,,,,,,,,,,,,,,1,4,3,4,2,3,1,,,,,,,,,,,,,,7,
5074,General Management,engineer,Brazil,1,1,1,2,1,3,1,2,,,,3,2,,,,,,,,,,,,,,,1,4,3,3,3,4,,,,,,,,,,,,,,,,,4,1,3,1,1,3,2,,,,,,,,,,,,,,7,
5075,Operations & Manufacturing,sales,Ireland,2,1,2,4,1,1,3,1,,,,2,1,,,,,,,,,,,,,,,4,3,4,2,4,3,,,,,,,,,,,,,,,,,2,1,4,2,1,2,1,,,,,,,,,,,,,,10,
5076,Marketing,kiosk worker,Germany,2,1,2,3,3,4,3,4,,,,1,2,,,,,,,,,,,,,,,1,4,1,1,3,2,,,,,,,,,,,,,,,,,1,3,4,3,1,2,1,,,,,,,,,,,,,,6,
5077,Supply Chain,field service engineer,Spain,4,2,3,1,4,2,3,2,,,,3,4,,,,,,,,,,,,,,,3,1,3,1,1,1,,,,,,,,,,,,,,,,,1,4,4,1,1,2,1,,,,,,,,,,,,,,10,
5078,Sales & Export,engineer,Netherlands,4,4,2,4,4,1,4,4,,,,3,1,,,,,,,,,,,,,,,1,4,4,1,1,2,,,,,,,,,,,,,,,,,2,1,1,3,2,2,4,,,,,,,,,,,,,,4,
5079,Human Resources,sales,Brazil,2,1,3,3,2,2,1,1,,,,2,1,,,,,,,,,,,,,,,4,4,4,2,2,2,,,,,,,,,,,,,,,,,3,1,2,3,1,4,1,,,,,,,,,,,,,,5,
5080,Sales & Export,kiosk worker,Ireland,1,2,1,1,4,2,3,1,,,,3,3,,,,,,,,,,,,,,,3,3,1,2,3,2,,,,,,,,,,,,,,,,,4,3,2,1,2,1,1,,,,,,,,,,,,,,7,
5081,Professional Operations,field service engineer,Germany,1,4,3,4,3,4,4,4,,,,3,1,,,,,,,,,,,,,,,2,3,3,4,2,3,,,,,,,,,,,,,,,,,4,1,4,1,4,4,1,,,,,,,,,,,,,,10,
5082,General Management,engineer,Spain,3,1,1,2,1,4,4,2,,,,2,1,,,,,,,,,,,,,,,4,1,2,1,1,3,,,,,,,,,,,,,,,,,1,3,4,2,1,4,1,,,,,,,,,,,,,,6,
5083,Operations & Manufacturing,sales,Netherlands,3,4,1,3,1,4,1,2,,,,3,4,,,,,,,,,,,,,,,1,1,4,3,4,4,,,,,,,,,,,,,,,,,4,2,1,1,2,2,4,,,,,,,,,,,,,,7,
5084,Marketing,kiosk worker,Brazil,2,2,3,4,3,1,1,1,,,,1,1,,,,,,,,,,,,,,,1,1,4,1,1,4,,,,,,,,,,,,,,,,,1,4,4,1,1,1,2,,,,,,,,,,,,,,5,
5085,Supply Chain,field service engineer,Ireland,3,4,3,4,4,1,1,4,,,,2,2,,,,,,,,,,,,,,,2,1,2,3,4,3,,,,,,,,,,,,,,,,,1,3,4,2,2,4,3,,,,,,,,,,,,,,4,
5086,Sales & Export,engineer,Germany,1,4,4,1,3,2,1,1,,,,1,1,,,,,,,,,,,,,,,4,3,3,2,4,4,,,,,,,,,,,,,,,,,3,3,3,4,4,3,2,,,,,,,,,,,,,,8,
5087,Human Resources,sales,Spain,1,4,3,1,1,1,4,2,,,,3,4,,,,,,,,,,,,,,,1,1,2,3,2,2,,,,,,,,,,,,,,,,,4,1,3,2,2,2,3,,,,,,,,,,,,,,4,
5088,Sales & Export,kiosk worker,Netherlands,3,2,2,2,2,1,3,4,,,,1,2,,,,,,,,,,,,,,,2,3,2,2,4,4,,,,,,,,,,,,,,,,,1,3,4,3,1,2,3,,,,,,,,,,,,,,9,
5089,Professional Operations,field service engineer,Brazil,1,3,2,2,1,1,4,4,,,,2,4,,,,,,,,,,,,,,,3,4,4,2,3,1,,,,,,,,,,,,,,,,,4,2,3,3,4,2,1,,,,,,,,,,,,,,8,
5090,General Management,engineer,Ireland,2,3,1,2,4,1,2,3,,,,3,1,,,,,,,,,,,,,,,3,4,3,3,2,4,,,,,,,,,,,,,,,,,3,3,2,1,4,1,4,,,,,,,,,,,,,,4,
5091,Operations & Manufacturing,sales,Germany,4,4,2,4,3,4,4,3,,,,1,3,,,,,,,,,,,,,,,2,4,1,1,4,2,,,,,,,,,,,,,,,,,4,2,1,1,2,2,4,,,,,,,,,,,,,,7,
